tri_facility_id,facility_name,street_address,city_name,county_name,state_county_fips_code,state_abbr,zip_code,region,fac_closed_ind,mail_name,mail_street_address,mail_city,mail_state_abbr,mail_province,mail_country,mail_zip_code,asgn_federal_ind,asgn_agency,frs_id,parent_co_db_num,parent_co_name,fac_latitude,fac_longitude,pref_latitude,pref_longitude,pref_accuracy,pref_collect_meth,pref_desc_category,pref_horizontal_datum,pref_source_scale,pref_qa_code,asgn_partial_ind,asgn_public_contact,asgn_public_phone,asgn_public_contact_email,bia_code,standardized_parent_company,asgn_public_phone_ext,epa_registry_id,asgn_technical_contact,asgn_technical_phone,asgn_technical_phone_ext,mail,asgn_technical_contact_email,foreign_parent_co_name,foreign_parent_co_db_num,standardized_foreign_parent_company
70001BRDNNA1751,BORDEN INC. DAIRY DIV.,A1751 AIRLINE HWY.,METAIRIE,JEFFERSON PARISH,22051,LA,70001,6,0,BORDEN INC. DAIRY DIV.,A1751 AIRLINE HWY.,METAIRIE,LA,,,70001,C,,,1338797,BORDEN INC,295908,901008,29.985556,90.168889,11000,UN,UN,1,U,1000,0,ROBERT W. GRIFFIN,5048335511,,,,,1.10064E+11,,,,,,,,
70001DLTPT3011L,SAFETY-KLEEN SYSTEMS - METAIRIE,3000 AIRLINE DR,METAIRIE,JEFFERSON PARISH,22051,LA,70001,6,0,SAFETY-KLEEN SYSTEMS - METAIRIE,2600 NORTH CENTRAL EXPRESSWAY,RICHARDSON,TX,,,75080,C,,,157793639,CLEAN HARBORS INC,295824,900914,29.973333,90.153889,150,UN,UN,1,U,1010,0,GREG VAN STECHELMAN,9412018176,GVANSTECHELMAN@RSUSEDOIL.COM,,CLEAN HARBORS INC,,1.1E+11,,,,,,,,
70001LFRGN332AI,HOLCIM - SOR INC. - AIRLINE RMX,3320 AIRLINE DR,METAIRIE,JEFFERSON PARISH,22051,LA,70001,6,0,HOLCIM - SOR INC. - AIRLINE RMX,3320 AIRLINE DRIVE,METAIRIE,LA,,,70001,C,,,81260273,HOLCIM PARTICIPATIONS (US) INC,295827,900906,,,,,,,,,0,RILEY KIRBY,4692608561,RILEY.HEWSTON@HOLCIM.COM,,HOLCIM PARTICIPATIONS (US) INC,,1.10003E+11,,,,,,HOLCIM LTD.,NA,
70003BRTMR721AI,BARTO MARBLE CO INC,7021 AIRLINE DR,METAIRIE,JEFFERSON PARISH,22051,LA,70003,6,0,BARTO MARBLE CO INC,7021 AIRLINE DR,METAIRIE,LA,,,70003,C,,,NA,BARTO MARBLE CO INC,295839,901240,,,,,,,,,0,JACK BENTON,8067839944,JACK@BENTONCONSULTANTS.COM,,,,1.10021E+11,,,,,,,,
7000WBRDWL6825A,BOARDWALK LOUISIANA MIDSTREAM LLC,60825-A HIGHWAY 1148 W,PLAQUEMINE,IBERVILLE PARISH,22047,LA,70764,6,0,BOARDWALK LOUISIANA MIDSTREAM LLC,60825-A HIGHWAY 1148 W,PLAQUEMINE,LA,,,70764,C,,,131827888,BOARDWALK PIPELINES LP,,,,,,,,,,,0,WESLEY MALONE,7134798145,WESLEY.MALONE@BWPIPELINES.COM,,BOARDWALK PIPELINES LP,,,,,,,,NA,,
7000WYCMTH6856L,KOCH METHANOL ST. JAMES LLC,6856 LA HWY 3127,SAINT JAMES,ST. JAMES PARISH,22093,LA,70086,6,0,KOCH METHANOL ST. JAMES LLC,5181 WILDCAT STREET,ST. JAMES,LA,,,70086,C,,,6944334,KOCH INDUSTRIES INC,,,,,,,,,,,0,JOSH WIGGINS,7138298742,JOSH.WIGGINS@KOCHIND.COM,,KOCH INDUSTRIES INC,,,,,,,,NA,,
70032MSTRS7417N,TATE & LYLE NORTH AMERICAN SUGARS INC.,7417 N. PETERS ST.,ARABI,ST. BERNARD PARISH,22087,LA,700321598,6,0,TATE & LYLE NORTH AMERICAN SUGARS INC.,7417 N. PETERS ST.,ARABI,LA,,,70032-1598,C,,,NA,TATE & LYLE PLC,295653,895954,29.943333,90.000556,20,UN,UN,1,U,1010,0,,,,,,,1.1001E+11,,,,,,,,
70037CHGKP1610E,CMP COATINGS INC.,1610 ENGINEERS RD,BELLE CHASSE,PLAQUEMINES PARISH,22075,LA,70037,6,0,CMP COATINGS INC.,1610 ENGINEERS RD,BELLE CHASSE,LA,,,70037,C,,,556437317,CHUGOKU AMERICA HOLDINGS INC,295111,900135,29.853056,90.026389,150,UN,UN,1,U,1010,0,KEVIN CASEY,5043924817,KCASEY@CMPUSA.COM,,CHUGOKU AMERICA HOLDINGS INC,,1.1E+11,,,,,,NA,,
70037CHVRNHIGHW,CHEVRON ORONITE CO LLC - OAK POINT PLANT,10285 HIGHWAY 23,BELLE CHASSE,PLAQUEMINES PARISH,22075,LA,70037,6,0,,,,,,,,C,,,1382555,CHEVRON CORP,0,0,29.8,90.008333,50,UN,UN,1,U,1010,0,EMILIO VESS,5043916120,EMILIOVESS@CHEVRON.COM,,CHEVRON CORP,,1.10001E+11,,,,,,NA,,
70037HBSNG2402E,HOBSON GALVANIZING INC,2402 ENGINEERS RD,BELLE CHASSE,PLAQUEMINES PARISH,22075,LA,70037,6,0,HOBSON GALVANIZING INC,2402 ENGINEERS RD,BELLE CHASSE,LA,,,70037,C,,,8012148,AZZ INC,295200,900200,29.866667,90.033333,11000,UN,UN,1,U,1000,0,JASON PENCE,8178100095,JASONPENCE@AZZGALV.COM,,AZZ INC,,1.1E+11,,,,,,,,
70037KNCLN2805E,KENCOIL INC,2805 ENGINEERS RD,BELLE CHASSE,PLAQUEMINES PARISH,22075,LA,70037,6,0,KENCOIL INC,2805 ENGINEERS RD,BELLE CHASSE,LA,,,70037,C,,,,NA,294905,900201,,,,,,,,,0,FRANK DIVINCENTI,5043944010,FDIVINCENTI@KENCOIL.COM,,NA,,1.1E+11,,,,,,,,
70037LFRGN65ENG,LAFARGE NORTH AMERICAN INC ENGINEER RD RMX,605 ENGINEERS RD,BELLE CHASSE,PLAQUEMINES PARISH,22075,LA,70037,6,0,ROBERT EATON,12735 MORRIS RD EXT SUITE 300,ALPHARETTA,GA,,,30004,C,,,67568246,LAFARGE NORTH AMERICA,295200,900053,,,,,,,,,0,MEGHAN MCDONALD,3036574148,MEGHAN.MCDONALD@LAFARGE-NA.COM,,,,1.10023E+11,,,,,,,,
70037LLNCRHIGHW,HARVEST LOUISIANA TERMINALS LLC - ALLIANCE TERMINAL,15551 HIGHWAY 23,BELLE CHASSE,PLAQUEMINES PARISH,22075,LA,70037,6,0,HARVEST LOUISIANA TERMINALS LLC - ALLIANCE TERMINAL,15551 HIGHWAY 23,BELLE CHASSE,LA,,,70037,C,,,624331489,HARVEST MIDSTREAM CO,0,0,29.68,89.9761,80,I1,FC,1,E,1000,0,KEVIN DUTCHER,8327651672,KDUTCHER@HARVESTMIDSTREAM.COM,,,,1.10064E+11,,,,,,NA,,
70037PRDCT1402B,JOTUN PAINTS INC,9203 HWY 23,BELLE CHASSE,PLAQUEMINES PARISH,22075,LA,70037,6,1,JOTUN PAINTS INC,9203 HWY 23,BELLE CHASSE,LA,,,70037,C,,,,NA,0,0,29.836111,89.997778,500,UN,UN,1,U,1010,0,CAROLINA LOZADA,7138608241,CAROLINA.LOZADA@JOTUN.COM,,NA,,1.10012E+11,,,,,,,,
70037WSGSS111BU,IWS GAS & SUPPLY,111 BURAS DR,BELLE CHASSE,PLAQUEMINES PARISH,22075,LA,70037,6,0,,,,,,,,C,,,,NA,,,,,,,,,,,0,DAVID DUPUY,5042201166,DAVE.DUPUY@RAYMONDMARTIN.COM,,NA,,1.10044E+11,,,,,,NA,,
7003WCCMRN71ENG,C&C MARINE & REPAIR L.L.C.,701 ENGINEERS RD,BELLE CHASSE,PLAQUEMINES PARISH,22075,LA,70037,6,0,C&C MARINE & REPAIR L.L.C.,P.O. BOX 259,HARVEY,LA,,,70059,C,,,,NA,,,,,,,,,,,0,GARRETT MELTON,5044332000,GARRETT.MELTON@CCMREPAIR.COM,,NA,,1.1001E+11,,,,,,,,
7003WJHNWS217CN,JOHN W STONE OIL DISTRIBUTORS LLC,2017 CONCORD RD,BELLE CHASSE,PLAQUEMINES PARISH,22075,LA,70037,6,0,JOHN W STONE OIL DISTRIBUTORS LLC,2017 CONCORD RD,BELLE CHASSE,LA,,,70037,C,,,,NA,,,,,,,,,,,0,MITCHELL WAITS,9852098791,MWAITS@STONEOIL.COM,,NA,,,,,,,,NA,,
7003WSNDRL53MAI,SUN DRILLING PRODUCTS CORP,503 MAIN STREET,BELLE CHASSE,PLAQUEMINES PARISH,22075,LA,70037,6,0,SUN DRILLING PRODUCTS CORP,503 MAIN STREET,BELLE CHASSE,LA,,,70037,C,,,65471112,SUN DRILLING PRODUCTS CORP,,,,,,,,,,,0,KRISTINA VAN HAAGEN,5043932778,KVANHAAGEN@SUNDRILLING.COM,,SUN DRILLING PRODUCTS CORP,,1.10001E+11,,,,,,NA,,
70040LVTNG900ST,ELEVATING BOATS INC,900 ST BERNARD PKWY,BRAITHWAITE,PLAQUEMINES PARISH,22075,LA,70040,6,0,ELEVATING BOATS INC,900 ST BERNARD PKWY,BRAITHWAITE,LA,,,70040,C,,,NA,NA,295144,895424,29.862222,89.906667,20,UN,UN,1,U,1010,0,NETTIE DEAN,5046825245,,,,,1.10001E+11,,,,,,,,
70040MXMTLLAHWY,AMAX METALS RECOVERY INC.,3607 ENGLISH TURN RD,BRAITHWAITE,PLAQUEMINES PARISH,22075,LA,70040,6,0,AMAX METALS RECOVERY INC.,3607 ENGLISH TURN RD,BRAITHWAITE,LA,,,70040,C,,,1213149,PHELPS DODGE CORP,295143,895819,29.861944,89.971944,50,UN,UN,1,U,1010,0,KENNETH J. VAUGHN,6023668318,,,,,1.10011E+11,,,,,,,,
70043CHLMT7CKEP,RAIN CII CARBON LLC,700 COKE PLANT RD,CHALMETTE,ST. BERNARD PARISH,22087,LA,70043,6,0,RAIN CII CARBON LLC,700 COKE PLANT RD,CHALMETTE,LA,,,70043,C,,,198251886,RAIN CII CARBON LLC,0,0,,,,,,,,,0,DEREK TAYLOR,5044346106,DEREK.TAYLOR@RAINCARBON.COM,,RAIN CII CARBON LLC,,1.10003E+11,,,,,,NA,,
70044CRWBT5425P,CREWBOATS INC,5425 PARIS RD,CHALMETTE,ST. BERNARD PARISH,22087,LA,70044,6,0,CREWBOATS INC,5425 PARIS RD,CHALMETTE,LA,,,70044,C,,,NA,NA,295809,895609,29.969167,89.935833,11000,UN,UN,1,U,1000,0,FRED J. JIROVEC,5042778201,,,,,1.10001E+11,,,,,,,,
70049CRGRGPOBOX,CAIRE & GRAUGNARD,LA HWY 18 & SUGARHOUSE RD,EDGARD,ST. JOHN THE BAPTIST PARISH,22095,LA,70049,6,0,CAIRE & GRAUGNARD,LA HWY 18 & SUGARHOUSE RD,EDGARD,LA,,,70049,C,,,NA,NA,300000,910000,29.9751,90.5991,11000,Z1,UN,1,U,0,0,CAMILLE B GRAUGNARD,5044978500,,,,,1.10002E+11,,,,,,,,
7004WLNSTR171PA,ENERGY TRANSFER GEISMAR OLEFINS LLC - CHALMETTE GAS PROCESSI,1701 PARIS RD - GATE 50,CHALMETTE,ST. BERNARD PARISH,22087,LA,70043,6,0,ENERGY TRANSFER GEISMAR OLEFINS LLC - CHALMETTE GAS PROCESSI,1701 PARIS RD - GATE 50,CHALMETTE,LA,,,70043,C,,,619308898,ENERGY TRANSFER,,,,,,,,,,,0,AMANDA POLITO,2254219014,AMANDA.POLITO@ENERGYTRANSFER.COM,,,,,,,,,,NA,,
70050MPRMNHWY11,EMPIRE MENHADEN CO. INC.,HWY. 11 S.,EMPIRE,PLAQUEMINES PARISH,22075,LA,70050,6,1,EMPIRE MENHADEN CO. INC.,5000 HWY. 190 SUITE A3,COVINGTON,LA,,,70433,C,,,NA,NA,292233,893504,29.375833,89.584444,11000,UN,UN,1,U,1000,0,W. O. DAVIS,5046579711,,,,,1.10005E+11,,,,,,,,
70050PTRFSHWY11,DAYBROOK FISHERIES INC,136 DAYBROOK LN,EMPIRE,PLAQUEMINES PARISH,22075,LA,70050,6,0,DAYBROOK FISHERIES INC,PO BOX 128,EMPIRE,LA,,,70050,C,,,,NA,0,0,29.384722,89.590833,11000,UN,UN,1,U,1000,0,STEPHANIE CONTRERAS,5046578400,STEPHANIE.CONTRERAS@DAYBROOK.COM,,NA,2227,1.10001E+11,,,,,,,,
70051MRTHNHWY61,MARATHON PETROLEUM CO LP,4663 W AIRLINE HWY,GARYVILLE,ST. JOHN THE BAPTIST PARISH,22095,LA,70051,6,0,MARATHON PETROLEUM CO LP,PO BOX AC,GARYVILLE,LA,,,70051,C,,,968393996,MARATHON PETROLEUM CORP,300345,903609,30.0625,90.6025,50,UN,,1,U,1010,1,KEITH HIGHTOWER,9855357183,THIGHTOWER@MARATHONPETROLEUM.COM,,MARATHON PETROLEUM CORP,,1.10001E+11,,,,,,,,
70051NLCCHRIVER,NALCO CO,3599 HIGHWAY 44,GARYVILLE,ST. JOHN THE BAPTIST PARISH,22095,LA,70051,6,0,NALCO CO,3628 HWY 44,GARYVILLE,LA,,,70051,C,,,6154611,ECOLAB INC,0,0,30.043333,90.632222,50,UN,UN,1,U,1010,0,BYRON K HOLLIS,9855352221,BYRON.HOLLIS@ECOLAB.COM,,ECOLAB INC,,1.10007E+11,,,,,,NA,,
70051PSLNP1EPSI,PINNACLE POLYMERS,ONE PINNACLE AVE,GARYVILLE,ST. JOHN THE BAPTIST PARISH,22095,LA,70051,6,0,PINNACLE POLYMERS,ONE PINNACLE AVE,GARYVILLE,LA,,,70051,C,,,NA,POLYCHIM USA INC,0,0,,,,,,,,,0,TREY WARNER,9855351060,TREY.WARNER@PINNACLEPOLYMERS.COM,,POLYCHIM USA INC,,1.10001E+11,,,,,,NA,,
70051STCKH3606H,EVONIK SUPERABSORBER LLC,3606 HWY 44,GARYVILLE,ST. JOHN THE BAPTIST PARISH,22095,LA,70051,6,0,EVONIK SUPERABSORBER LLC,3606 HWY 44,GARYVILLE,LA,,,70051,C,,,824868939,EVONIK INDUSTRIES,0,0,,,,,,,,,0,EDWIN MEREAND,9855356701,ED.MEREAND@EVONIK.COM,,,,1.10001E+11,,,,,,NA,,
70052CLNLS129FI,LOUISIANA SUGAR REFINERY (LSR),1230 S FIFTH AVE,GRAMERCY,ST. JAMES PARISH,22093,LA,70052,6,0,LOUISIANA SUGAR REFINERY (LSR),PO BOX 625,GRAMERCY,LA,,,70052,C,,,,LSR-LOUISIANA SUGAR REFINERING LLC,300259,904102,30.049722,90.683889,20,UN,UN,1,U,1010,0,JOSEPH B. ADDLESBERGER,2258696608,JOSEPH.ADDLESBERGER@LSRSUGAR.COM,,,,1.1E+11,,,,,,,,
70052GRMRC114JE,RAIN CII CARBON LLC,1140 JEFFERSON HWY,GRAMERCY,ST. JAMES PARISH,22093,LA,70052,6,0,RAIN CII CARBON LLC,PO BOX 1521,GRAMERCY,LA,,,70052,C,,,198251886,RAIN CII CARBON LLC,300325,904013,,,,,,,,,0,JIMMY DELANEUVILLE,9856353400,JIMMY.DELANEUVILLE@RAINCARBON.COM,,RAIN CII CARBON LLC,,1.10019E+11,,,,,,NA,,
70052KSRLMAIRLI,ATLANTIC ALUMINA GRAMERCY OPERATIONS,1111 AIRLINE HWY,GRAMERCY,ST. JAMES PARISH,22093,LA,70052,6,0,ATLANTIC ALUMINA GRAMERCY OPERATIONS,1111 AIRLINE HWY,GRAMERCY,LA,,,70052,C,,,NA,ATALCO GRAMERCY LLC,300336,904001,30.054167,90.666667,20,UN,UN,1,U,1010,0,CHARLOTTE HOOKER,2258692219,CHARLOTTE.HOOKER@ATALCO.COM,,ATALCO GRAMERCY LLC,,1.1E+11,,,,,,CONCORD RESOURCES HOLDINGS LTD,726752016,
70052LFRGN14HWY,LAFARGE GRAMERCY RMX,104 HWY 3125,GRAMERCY,ST. JAMES PARISH,22093,LA,70052,6,0,LAFARGE GRAMERCY RMX,3320 AIRLINE DRIVE,METAIRIE,LA,,UNITED STATES,70001,C,,,67568246,LAFARGE N.A. INC,0,0,,,,,,,,,0,HEATHER BERGERON,5043304885,HEATHER.BERGERON@LAFARGEHOLCIM.COM,,LAFARGE NA INC,,1.10023E+11,,,,,,,,
70052LRCHCPOBOX,LAROCHE INDUSTRIES INC. GRAMERCY FACILITY,1134 JEFFERSON HWY.,GRAMERCY,ST. JAMES PARISH,22093,LA,700525500,6,0,LAROCHE INDS. INC.,1100 JOHNSON FERRY RD.,ATLANTA,GA,,,30342,C,,,150995942,LAROCHE INDUSTRIES INC,300334,904000,30.059444,90.666667,20,UN,UN,1,U,1010,0,RAY CANNON,4048510323,,,,,1.10067E+11,,,,,,,,
70053LSNCC1000B,LOUISIANA COCA-COLA BOTTLING CO,1000 BURMASTER ST,GRETNA,JEFFERSON PARISH,22051,LA,70053,6,0,LOUISIANA COCA-COLA BOTTLING CO,2500 WINDY RIDGE PKWY,ATLANTA,GA,,,30339,C,,,118267624,COCA-COLA ENTERPRISES INC,295812,900409,29.929408,90.047448,150,A1,PG,1,J,1000,0,JOHN DOWNS,7709893775,,,,,1.1E+11,,,,,,,,
70053NWMLT80FIR,NEW MALTER INC,80 FIRST ST,GRETNA,JEFFERSON PARISH,22051,LA,70053,6,0,NEW MALTER INC,80 FIRST ST,GRETNA,LA,,,70053,C,,,NA,NA,295514,902300,29.9222,90.0592,150,A1,PG,1,J,1000,0,MARGO BURKES,5043623232,,,,,1.10009E+11,,,,,,,,
70058BLLNG615DE,BOLLINGER QUICK REPAIR LLC,615 DESTREHAN AVE,HARVEY,JEFFERSON PARISH,22051,LA,70058,6,0,BOLLINGER QUICK REPAIR LLC,615 DESTREHAN AVE,HARVEY,LA,,,70058,C,,,73253309,BOLLINGER SHIPYARDS LLC,295413,900458,29.902778,90.080556,11000,UN,UN,1,U,1000,0,JODI SATCHES,9855322554,JODIS@BOLLINGERSHIPYARDS.COM,,BOLLINGER SHIPYARDS LLC,,1.10001E+11,,,,,,NA,,
70058FNLCH1401D,SIGMA COATINGS USA B.V.,1401 DESTRAHAN AVE,HARVEY,JEFFERSON PARISH,22051,LA,70058,6,0,SIGMA COATINGS USA B.V.,PO BOX 816,HARVEY,LA,,,70059,C,,,NA,NA,295311,900440,29.886389,90.077778,11000,UN,UN,1,U,1000,0,KRISTINA VAN HAAGEN,5043714321,,,,,1.1E+11,,,,,,,,
70058HRVYC12081,VARCO L.P. TUBOSCOPE DIV. HARVEY COATING PLANT,1208 1ST AVE.,HARVEY,JEFFERSON PARISH,22051,LA,70058,6,0,VARCO L.P. TUBOSCOPE DIV. HARVEY COATING PLANT,P.O. BOX 1879,MARRERO,LA,,,70073-1879,C,,,197220874,VARCO LP,295334,900414,29.894444,90.079167,150,UN,UN,1,U,1010,0,ROBERT B. BALLARD,7137995593,,,,,1.10042E+11,,,,,,,,
70058JFFRS1524M,JEFFERSON FIBERGLASS CO. INC.,1524 MACARTHUR AVE,HARVEY,JEFFERSON PARISH,22051,LA,70058,6,0,JEFFERSON FIBERGLASS CO. INC.,1524 MACARTHUR AVE,HARVEY,LA,,,70058,C,,,42181487,JEFFERSON FIBERGLASS CO. INC.,295310,900455,29.886111,90.081944,150,UN,UN,1,U,1010,0,VICTORIA VICARI OR HEATHER ROOS,5043476612,HEATHERR@JEFFERSONFIBERGLASS.COM,,JEFFERSON FIBERGLASS CO INC,,1.1E+11,,,,,,,,
70058NRGYC2900P,BREDERO PRICE HARVEY PLANT,2900 PETERS RD,HARVEY,JEFFERSON PARISH,22051,LA,700581817,6,0,BREDERO PRICE HARVEY PLANT,2900 PETERS RD,HARVEY,LA,,,70058-1817,C,,,NA,NA,295142,900346,29.865556,90.066111,150,UN,UN,1,U,1010,0,,,,,,,1.1E+11,,,,,,,,
70058SLTHL2226P,SALATHE OIL CO.,2226 PETERS RD.,HARVEY,JEFFERSON PARISH,22051,LA,70058,6,0,SALATHE OIL CO.,P.O. BOX 56,HARVEY,LA,,,70059,C,,,NA,NA,295200,900500,,,,,,,,,0,STAN SALATHE,5043664542,,,,,1.10002E+11,,,,,,,,
70058VNDLN604DE,AVONDALE INDUSTRIES INC,604 DESTREHAN AVE.,HARVEY,JEFFERSON PARISH,22051,LA,70058,6,0,AVONDALE INDUSTRIES INC,604 DESTREHAN AVE.,HARVEY,LA,,,70058,C,,,144620747,AVONDALE INDUSTRIES INC,290530,900050,29.9039,90.083,150,A1,PG,1,J,1000,0,STEVEN LACOSTE,5044365030,,,,,1.10014E+11,,,,,,,,
70058VNSCP1255P,GREIF USA (DBA GREIF HARVEY DCS HARVEY),1255 PETERS RD,HARVEY,JEFFERSON PARISH,22051,LA,70058,6,0,DELTA PETROLEUM,10352 RIVER RD,SAINT ROSE,LA,,,70087,C,,,4282661,GREIF USA,295310,900424,29.886111,90.073333,20,UN,,1,U,1010,1,MICHELLE GRAJEWSKI,5049042107,NA,,,,1.1E+11,,,,,,,,
70058WTCCR1805F,CROMPTON CORP,1805 4TH ST,HARVEY,JEFFERSON PARISH,22051,LA,70058,6,0,CROMPTON CORP,PO BOX 308,GRETNA,LA,,,70054,C,,,NA,CROMPTON CORP,295440,900124,29.911944,90.076667,20,UN,UN,1,U,1010,0,CYNTHIA MALDONADO,5043749602,,,,,1.1E+11,,,,,,,,
70059GRTNM4640P,BOLLINGER GRETNA LLC,4640 PETERS RD,HARVEY,JEFFERSON PARISH,22051,LA,70058,6,1,BOLLINGER GRETNA LLC,4640 PETERS RD,HARVEY,LA,,,70058,C,,,8163842,BOLLINGER SHIPYARDS INC,295048,900053,29.841667,90.056944,150,UN,UN,1,U,1010,0,JODI SATCHES,5044667705,JODIS@BOLLINGERSHIPYARDS.COM,,,,1.1E+11,,,,,,,,
70059HYWLK800PE,HAY WILK GALVANIZING INC,800 PETERS RD,HARVEY,JEFFERSON PARISH,22051,LA,70058,6,0,HAY WILK GALVANIZING INC,800 PETERS RD,HARVEY,LA,,,70058,C,,,NA,NA,295400,900438,29.899444,90.076944,150,UN,UN,1,U,1010,0,CHIRISTORPHER M. WILKE,5043677676,,,,,1.1E+11,,,,,,,,
70059SGMCT3300R,SIGMA COATINGS,3300 RIVER RD.,HARVEY,JEFFERSON PARISH,22051,LA,70058,6,0,SIGMA COATINGS,3300 RIVER RD.,HARVEY,LA,,,70058,C,,,7336290,FINA OIL & CHEMICAL CO,295311,900440,29.90965,90.088304,150,A1,PG,1,J,1000,0,JAY FOLSE,5043474321,,,,,1.10034E+11,,,,,,,,
7005WFBRGL28PET,FIBERGLASS SOLUTIONS LLC,2800 PETERS RD,HARVEY,JEFFERSON PARISH,22051,LA,70058,6,0,FIBERGLASS SOLUTIONS LLC,PO BOX 468,SCENECA,MO,,,64865,C,,,NA,NA,,,,,,,,,,,0,CHRIS SLINKARD,4177762500,CSLINKARD@BELLVENTURESLLC.COM,,,,1.10039E+11,,,,,,,,
7005WFMTSH364PE,FMT SHIPYARD & REPAIR LLC,3640 PETERS RD,HARVEY,JEFFERSON PARISH,22051,LA,70058,6,0,FMT SHIPYARD & REPAIR LLC,3640 PETERS RD,HARVEY,LA,,,70058,C,,,,NA,0,0,,,,,,,,,0,RICHARD SCHNEIDER,5043554746,RICHARD.SCHNEIDER@FMTSHIPYARD.COM,,NA,,1.10003E+11,,,,,,NA,,
7005WJHNWS871ST,JOHN W STONE OIL DISTRIBUTOR,87 1ST ST,GRETNA,JEFFERSON PARISH,22051,LA,70053,6,0,JOHN W STONE OIL DISTRIBUTOR,PO BOX 2010,GRETNA,LA,,,70054,C,,,,NA,,,,,,,,,,,0,MITCHELL WAITS,5043663401,MWAITS@STONEOIL.COM,,NA,,,,,,,,NA,,
7005WRPRDC4663W,AIR PRODUCTS & CHEMICALS INC - GARYVILLE SMR,4663 WEST AIRLINE HWY. (WITHIN MARATHON PETROLEUM,GARYVILLE,ST. JOHN THE BAPTIST PARISH,22095,LA,70051,6,0,AIR PRODUCTS & CHEMICALS INC - GARYVILLE SMR,P.O. BOX 2733,LAPLACE,LA,,,70069,C,,,833130409,AIR PRODUCTS & CHEMICALS INC,0,0,,,,,,,,,0,MARIA DIAMOND,5044719479,DIAMONM@AIRPRODUCTS.COM,,AIR PRODUCTS & CHEMICALS INC,,1.10033E+11,,,,,,NA,,
70062MTVNT143FI,SHELL KENNER TERMINAL,143 FIREHOUSE DR,KENNER,JEFFERSON PARISH,22051,LA,70062,6,0,SHELL KENNER TERMINAL,PO BOX 935,KENNER,LA,,,70063,C,,,131489817,SHELL PETROLEUM INC,0,0,,,,,,,,,0,JAMES APPLEBY,7132303187,JAMES.APPLEBY@SHELL.COM,,SHELL PETROLEUM INC,,1.1001E+11,,,,,,SHELL PLC,423792808,
70062PLLRN700JA,PELLERIN MILNOR CORP.,700 JACKSON ST.,KENNER,JEFFERSON PARISH,22051,LA,700620400,6,0,PELLERIN MILNOR CORP.,P.O. BOX 400,KENNER,LA,,,70062,C,,,NA,NA,295839,901421,29.9775,90.239167,150,UN,UN,1,U,1010,0,"SIDNEY LACOSTE, JR.",5044679591,,,,,1.1E+11,,,,,,,,
70062SFTYK2423T,SAFETY-KLEEN SYSTEMS KENNER (KEN),2423 TYLER ST,KENNER,JEFFERSON PARISH,22051,LA,70062,6,0,SAFETY-KLEEN SYSTEMS KENNER (KEN),2423 TYLER ST,KENNER,LA,,,70062,C,,,157793639,CLEAN HARBORS INC,,,,,,,,,,,0,CLINTON POCHE',5044665718,CLINTON.POCHE@SAFETY-KLEEN.COM,,CLEAN HARBORS INC,,1.10016E+11,,,,,,,,
70062SPRKL601MA,SPARKLETTS WATER SYSTEMS AQUA VEND,601 MARIA ST.,KENNER,JEFFERSON PARISH,22051,LA,70062,6,0,SPARKLETTS WATER SYSTEMS AQUA VEND,601 MARIA ST.,KENNER,LA,,,70062,C,,,177667227,MCKESSON CORP,295949,901500,29.996944,90.25,150,UN,UN,1,U,1010,0,CHRISTINE CONNELLY,2132592289,,,,,1.10002E+11,,,,,,,,
70065RPRTR48CRF,AIRPORT RMX,480 CROFTON RD,KENNER,JEFFERSON PARISH,22051,LA,70065,6,0,AIRPORT RMX,300 E JOPPA ROADSUITE 200,TOWSON,MD,,,21286,C,,,131486177,LAFARGE MID ATLANTIC,,,,,,,,,,,0,JEREMY DREHMER,4106839131,,,,,1.10055E+11,,,,,,,,
70068DPNTD560HW,DUPONT PERFORMANCE ELASTOMERS LLC PONTCHARTRAIN SITE,560 HIGHWAY 44,LA PLACE,ST. JOHN THE BAPTIST PARISH,22095,LA,70068,6,0,DUPONT PERFORMANCE ELASTOMERS LLC PONTCHARTRAIN SITE,560 HWY 44,LA PLACE,LA,,,70068,C,,,1315704,E I DU PONT DE NEMOURS & CO,300330,903130,,,,,,,,,0,WALTER L. GLENN,9855365129,WALTER.L.GLENN@USA.DUPONT.COM,,,,1.10025E+11,,,,,,,,
70068HNSNP211MC,FORTERRA PIPE & PRECAST - LAPLACE,211 MCREINE RD,LA PLACE,ST. JOHN THE BAPTIST PARISH,22095,LA,70068,6,1,FORTERRA PIPE & PRECAST - LAPLACE,PO BOX 696,LA PLACE,LA,,,70069,C,,,47663716,FORTERRA INC,,,,,,,,,,,0,BRIAN AMEEN,2818242505,BRIAN.AMEEN@FORTERRABP.COM,,FORTERRA INC,,1.10016E+11,,,,,,,,
70069BYSTLRIVER,BD LAPLACE LLC,138 HWY 3217,LA PLACE,ST. JOHN THE BAPTIST PARISH,22095,LA,70068,6,1,BD LAPLACE LLC,138 HWY 3217,LA PLACE,LA,,,70068,C,,,92682129,BAYOU STEEL BD HOLDINGS LLC,0,0,30.038611,90.471111,20,UN,UN,1,U,1010,0,WENDY STEHLING,9856520322,WENDY.STEHLING@BAYOUSTEEL.COM,,BAYOU STEEL BD HOLDINGS LLC,,1.10041E+11,,,,,,,,
70069DPNTPHIGHW,DUPONT PONTCHARTRAIN WORKS,586 HIGHWAY 44,LA PLACE,ST. JOHN THE BAPTIST PARISH,22095,LA,70068,6,0,DUPONT PONTCHARTRAIN WORKS,586 HIGHWAY 44,LA PLACE,LA,,,70068,C,,,80386615,DUPONT DE NEMOURS INC,0,0,30.058333,90.525,50,UN,UN,1,U,1010,0,MARK SCHORR,9852241648,MARK.E.SCHORR@DUPONT.COM,,DUPONT DE NEMOURS INC,,1.10001E+11,,,,,,NA,,
7006WDNKPR56HIG,DENKA PERFORMANCE ELASTOMER LLC,560 HIGHWAY 44,LA PLACE,ST. JOHN THE BAPTIST PARISH,22095,LA,70068,6,0,DENKA PERFORMANCE ELASTOMER LLC,560 HIGHWAY 44,LA PLACE,LA,,,70068,C,,,,NA,0,0,,,,,,,,,0,CHRIS MEYERS,9855367802,CHRISTOPHER-MEYERS@DENKA-PE.COM,,NA,,1.1007E+11,,,,,,DENKA CO LTD,79993117,
70072CHMCM6025R,SUNBELT CHEMICALS INC.,6025 RIVER RD.,MARRERO,JEFFERSON PARISH,22051,LA,70072,6,0,SUNBELT CHEMICALS INC.,71 HARGROVE GRADE,PALM COAST,FL,,,32137-5101,C,,,NA,NA,295340,900656,29.894444,90.115556,600,UN,UN,1,U,1010,0,WILLIAM KINELL,9044464595,,,,,1.10001E+11,,,,,,,,
70072LFRGW195AM,LAFARGE WEST BANK RM PLANT,1950 AMES BLVD,MARRERO,JEFFERSON PARISH,22051,LA,70072,6,0,LAFARGE NORTH AMERICA INC.,12735 MORRIS ROAD. EXT. ENVIRONMENTAL AFFAIRS,ALPHARETTA,GA,,,30004,C,,,67568246,LAFARGE NORTH AMERICA INC,,,,,,,,,,,0,MATTHEW STEWART,6787462230,MATTHEW.STEWART@LAFARGE-NA.COM,,,,1.10034E+11,,,,,,,,
70072LMNMBENDOF,ALUMINUM BOATS INC.,END OF ROSETHORNE RD.,CROWN POINT,JEFFERSON PARISH,22051,LA,70072,6,0,ALUMINUM BOATS INC.,END OF ROSETHORNE RD.,CROWN POINT,LA,,,70072,C,,,7324254,TRINITY INDUSTRIES INC,294625,900450,29.773611,90.080556,11000,UN,UN,1,U,1000,0,DEAN PHELPS,2146314420,,,,,1.10002E+11,,,,,,,,
70073THCLT7500F,KNIGHT-CELOTEX LLC,7500 FOURTH ST,MARRERO,JEFFERSON PARISH,22051,LA,70072,6,0,KNIGHT-CELOTEX LLC,PO BOX 8,MARRERO,LA,,,70073,C,,,24924172,KNIGHT INDUSTRIES LLC,295413,900730,29.903611,90.125,150,UN,UN,1,U,1010,0,SAME AS 4.3,2073531024,,,,,1.1E+11,,,,,,,,
70075CHMCT3100A,CHEMCAT CORP,3100A E ST BERNARD HWY,MERAUX,ST. BERNARD PARISH,22087,LA,70075,6,0,CHEMCAT CORP,671 W ESPLANADE STE 201,KENNER,LA,,,70065,C,,,NA,NA,895600,295545,29.929167,89.933333,150,UN,UN,1,U,1010,0,LLOYD WHITTINGTON,5042715356,,,,,1.10002E+11,,,,,,,,
70075MRPHY2500E,VALERO REFINING - MERAUX LLC MERAUX REFINERY,2500 E ST BERNARD HWY,MERAUX,ST. BERNARD PARISH,22087,LA,70075,6,0,VALERO REFINING - MERAUX LLC MERAUX REFINERY,2235 JACOB DR.,CHALMETTE,LA,,,70043,C,,,82686916,VALERO ENERGY CORP,295531,895645,29.925278,89.945833,50,UN,UN,1,U,1010,0,STEVIE CROVETTO,5042714141,STEVIE.CROVETTO@VALERO.COM,,VALERO ENERGY CORP,,1.1E+11,,,,,,NA,,
7007WCHMPN365HI,CHAMPIONX -- GARYVILLE FACILITY,3650 HIGHWAY 44,MOUNT AIRY,ST. JOHN THE BAPTIST PARISH,22095,LA,70076,6,0,CHAMPIONX -- GARYVILLE FACILITY,3650 HIGHWAY 44,MOUNT AIRY,LA,,,70076,C,,,81123048,CHAMPIONX CORP,,,,,,,,,,,0,MELINDA WHITE,8327954427,MAWHITE@CHAMPIONX.COM,,CHAMPIONX CORP,,1.10071E+11,,,,,,,,
7007WMGRFN5RIVE,VERTEX REFINING LA LLC,5000 RIVER RD,MARRERO,JEFFERSON PARISH,22051,LA,70072,6,0,VERTEX REFINING LA LLC,5000 RIVER RD,MARRERO,LA,,,70072,C,,,796199300,VERTEX ENERGY INC,,,,,,,,,,,0,MICHAEL STEIB,5047227511,MICHAELSTEIB@VERTEXENERGY.COM,,VERTEX ENERGY INC,,1.1001E+11,,,,,,NA,,
7007WPNKTR46HIG,MT. AIRY TERMINAL LLC,4006 HIGHWAY 44,MOUNT AIRY,ST. JOHN THE BAPTIST PARISH,22095,LA,70076,6,0,MT. AIRY TERMINAL LLC,539 SOUTH MAIN STREET,FINDLAY,OH,,,45840,C,,,968393996,MARATHON PETROLEUM CORP,0,0,,,,,,,,,0,SUE BARTO,4194295266,MSBARTO@MARATHONPETROLEUM.COM,,MARATHON PETROLEUM CORP,,1.1007E+11,,,,,,NA,,
7007WVLRPR25EST,VALERO PARTNERS LLC,2500 E ST BERNARD HWY - A PORTION OF,MERAUX,ST. BERNARD PARISH,22087,LA,70075,6,0,VALERO PARTNERS LLC,2235 JACOB DR.,CHALMETTE,LA,,,70043,C,,,82686916,VALERO ENERGY CORP,,,,,,,,,,,0,TARYN ROGERS,5042714141,TARYN.ROGERS@VALERO.COM,,VALERO ENERGY CORP,,1.1E+11,,,,,,,,
70084BRLCHNORTH,BEROL NOBEL INC.,N.W. 19TH ST.,RESERVE,ST. JOHN THE BAPTIST PARISH,22095,LA,70084,6,0,BEROL NOBEL INC.,P.O. BOX BH,RESERVE,LA,,,70084,C,,,50986983,BEROL NOBEL CORP,302880,903450,30.0689,90.5573,11000,Z1,UN,1,U,0,0,TONY IERUBINO,2032220574,,,,,1.10012E+11,,,,,,,,
70084BTZLB500RO,CLARIANT CORPORATION - RESERVE SITE,334 ROSENWALD ST,RESERVE,ST. JOHN THE BAPTIST PARISH,22095,LA,70084,6,0,CLARIANT CORPORATION - RESERVE SITE,334 ROSENWALD ST,RESERVE,LA,,UNITED STATES,70084,C,,,108706425,CLARIANT CORP,0,0,30.07,90.573889,20,UN,UN,1,U,1010,0,MIKE ROMAIRE,5047335806,MICHAEL.ROMAIRE@CLARIANT.COM,,CLARIANT CORP,,1.1E+11,,,,,,CLARIANT INTERNATIONAL LTD,NA,
70084DLTBV383W1,PEPSIAMERICAS,383 W. 10TH ST.,RESERVE,ST. JOHN THE BAPTIST PARISH,22095,LA,70084,6,0,PEPSIAMERICAS,2221 DEMOCRAT RD.,MEMPHIS,TN,,,38132,C,,,23384860,PEPSIAMERICAS,300354,903350,30.065,90.563889,99999,UN,UN,U,U,0,0,,,,,,,1.1E+11,,,,,,,,
70084DTCHM534WE,DATACHEM INC.,711 W. 10TH AVE.,RESERVE,ST. JOHN THE BAPTIST PARISH,22095,LA,70084,6,1,DATACHEM INC.,P.O. DRAWER 1840,LA PLACE,LA,,,70069-1840,C,,,NA,NA,300440,903221,30.058757,90.564056,150,A1,PG,1,J,1000,0,,,,,,,1.10014E+11,,,,,,,,
70084JNSCH520WE,DPC ENTERPRISES LP,620 W 10TH ST,RESERVE,ST. JOHN THE BAPTIST PARISH,22095,LA,70084,6,0,DPC ENTERPRISES LP,1919 JACINTOPORT BLVD,HOUSTON,TX,,,77015,C,,,,NA,0,0,30.074722,90.564444,20,UN,UN,1,U,1010,0,JOY MONTANIO,2814574835,JMONTANIO@DXGROUP.COM,,NA,,1.1E+11,,,,,,NA,,
70084LCLCX430NO,EVONIK CORP,474 W 19TH ST,RESERVE,ST. JOHN THE BAPTIST PARISH,22095,LA,70084,6,0,EVONIK CORP,474 W 19TH ST,RESERVE,LA,,,70084,C,,,623992810,EVONIK CORP,0,0,30.069444,90.577778,150,UN,UN,1,U,1010,0,BRITTANY BREAUX,9855369127,BRITTANY.BREAUX@EVONIK.COM,,EVONIK CORP,,1.10018E+11,,,,,,RAG-STIFTUNG,312625019,
70084MNTCHNW19T,ALPHACHEM INC.,N.W. 19TH ST.,RESERVE,ST. JOHN THE BAPTIST PARISH,22095,LA,70084,6,0,ALPHACHEM INC.,N.W. 19TH ST.,RESERVE,LA,,,70084,C,,,131115065,ALPHACHEM INC,300400,903300,30.07,90.5778,20,I1,CE,1,E,1000,0,THAD WOODWARD,5045368288,,,,,1.10003E+11,,,,,,,,
70084RHNPL430NW,RHONE-POULENC,430 N.W. 19TH ST.,RESERVE,ST. JOHN THE BAPTIST PARISH,22095,LA,70084,6,0,RHONE-POULENC,430 N.W. 19TH ST.,RESERVE,LA,,,70084,C,,,625148556,RHONE-POULENC INC,300410,903440,30.069444,90.577778,150,UN,UN,1,U,1010,0,C. ENGEMANN,4048672100,,,,,1.10002E+11,,,,,,,,
70086CHVRNHWY18,AMERICAS STYRENICS LLC,9901 HWY 18,SAINT JAMES,ST. JAMES PARISH,22093,LA,70086,6,0,AMERICAS STYRENICS LLC,9901 HWY 18,SAINT JAMES,LA,,,70086,C,,,825292100,AMERICAS STYRENICS LLC,0,0,30.083056,90.916944,20,UN,UN,1,U,1010,0,KEONTE' WAGNER,2253313242,KWAGNER@AMSTY.COM,,AMERICAS STYRENICS LLC,,1.10057E+11,,,,,,NA,,
70086STJMS7167K,KOCH SUPPLY & TRADING LP ST. JAMES TERMINAL,7167 KOCH RD,SAINT JAMES,ST. JAMES PARISH,22093,LA,70086,6,0,ST. JAMES TERMINAL,8606 IH-37,CORPUS CHRISTI,TX,,,78409,C,,,31159093,KOCH SUPPLY & TRADING LP,300136,905040,,,,,,,,,0,BOBBY HILL,3612425564,,,,,1.10007E+11,,,,,,,,
70086STJMSPOBOX,ST. JAMES SUGAR CO-OP INC.,5354 ST. JAMES CO-OP ST.,SAINT JAMES,ST. JAMES PARISH,22093,LA,70086,6,0,ST. JAMES SUGAR CO-OP INC.,P.O. BOX 67,SAINT JAMES,LA,,,70086,C,,,NA,NA,295949,905006,29.996944,90.835,20,UN,UN,1,U,1010,0,"F. N. BOLTON, GENERAL MANAGER",5042654056,,,,,1.10064E+11,,,,,,,,
7008WHLCMP168HI,HOLCIM - PLAQUEMINES LNG PLANT,16800 HIGHWAY 23,PORT SULPHUR,PLAQUEMINES PARISH,22075,LA,70083,6,0,HOLCIM - PLAQUEMINES LNG PLANT,15900 DOOLEY ROAD,ADDISON,TX,,,75001,C,,,81260273,HOLCIM PARTICIPATIONS (US) INC,,,,,,,,,,,0,RILEY KIRBY,4692608561,RILEY.HEWSTON@HOLCIM.COM,,,,,,,,,,HOLCIM LTD.,NA,
7008WLFRGR452TE,LAFARGE HAGAN PLANT,452 TERRE HAUTE RD,RESERVE,ST. JOHN THE BAPTIST PARISH,22095,LA,70084,6,1,ROBERT EATON,"12735 MORRIS ROAD, SUITE 300",ALPHARETTA,GA,,UNITED STATES,30004,C,,,67568246,LAFARGE NA,0,0,,,,,,,,,0,MEGHAN MCDONALD,3036574148,MEGHAN.MCDONALD@LAFARGE-NA.COM,,,,1.10068E+11,,,,,,,,
7008WLFRGV155EL,LAFARGE VERRET READY MIX,1505 E LA HWY 46,SAINT BERNARD,ST. BERNARD PARISH,22087,LA,70085,6,1,LAFARGE VERRET READY MIX,3320 AIRLINE DR,METAIRE,LA,,,70001,C,,,67568246,LAFARGE NA INC.,,,,,,,,,,,0,MEGHAN MCDONALD,3038072973,MEGHAN.MCDONALD@LAFARGE-NA.COM,,,,1.10055E+11,,,,,,,,
7008WVLRMR1455H,VALERO DONALDSONVILLE ASPHALT TERMINAL,10455 HIGHWAY 18,SAINT JAMES,ST. JAMES PARISH,22093,LA,70086,6,0,VALERO DONALDSONVILLE ASPHALT TERMINAL,10455 HIGHWAY 18,SAINT JAMES,LA,,,70086,C,,,82686916,VALERO ENERGY CORP,,,,,,,,,,,0,GE SONG,2103455401,GE.SONG@VALERO.COM,,VALERO ENERGY CORP,,1.10007E+11,,,,,,NA,,
70090RMNTMPOBOX,ARMANT METAL CHLORIDES,HWY. 18,VACHERIE,ST. JAMES PARISH,22093,LA,70090,6,0,ARMANT METAL CHLORIDES,P.O. BOX 250,VACHERIE,LA,,,70090-0250,C,,,NA,TOTH ALUMINUM CORP,295741,904311,30.0034,90.7355,20,I1,CE,1,E,1000,0,CALVIN LEBEOUF,5042653001,,,,,1.10064E+11,,,,,,,,
70091DYNGY1565T,TARGA MIDSTREAM SERVICES - VENICE GAS PLANT,1565 TIDEWATER RD,VENICE,PLAQUEMINES PARISH,22075,LA,70091,6,0,TARGA MIDSTREAM SERVICES - VENICE GAS PLANT,811 LOUISIANA STREET,HOUSTON,TX,,,77002,C,,,827389847,TARGA RESOURCES CORP,291330,892326,,,,,,,,,0,ANDY TRUHAN,4057495606,ATRUHAN@TARGARESOURCES.COM,,TARGA RESOURCES CORP,,1.10001E+11,,,,,,NA,,
70091MDSTR781JU,MARTIN OPERATING PTNR - VENICE,199 CORPS RD,VENICE,PLAQUEMINES PARISH,22075,LA,70091,6,1,MARTIN OPERATING PTNR - VENICE,PO BOX 191,KILGORE,TX,,,75663,C,,,829943989,MARTIN OPERATING PTNR LP,291615,892107,,,,,,,,,0,NATHAN KAUFHOLD,7135021686,NATHAN.KAUFHOLD@MARTINMLP.COM,,,,1.10064E+11,,,,,,,,
70091SCSVNHWY23,ASCO-US VENICE,HWY. 23 TEXACO YARD,VENICE,PLAQUEMINES PARISH,22075,LA,70091,6,0,ASCO-US VENICE,HWY. 23 TEXACO YARD,VENICE,LA,,,70091,C,,,NA,ASCO-US,291619,892159,,,,,,,,,0,RON LANDRY,3372916700,,,,,1.10013E+11,,,,,,,,
70094CHMRC1100V,CHEMRICH INC.,1100 VICTORY DR.,WESTWEGO,JEFFERSON PARISH,22051,LA,70094,6,0,CHEMRICH INC.,401 WHITNEY BLVD. STE. 212,GRETNA,LA,,,70056,C,,,131397085,ALBRIGHT & WILSON AMERICAS,295158,900911,29.894,90.1344,500,I1,UN,1,J,1000,0,RICHARD MACDOUGALL,5043611181,,,,,1.10001E+11,,,,,,,,
70094CYRND18RIV,ROEHM AMERICA LLC,10800 RIVER RD,WESTWEGO,JEFFERSON PARISH,22051,LA,70094,6,0,ROEHM AMERICA LLC,10800 RIVER RD,WESTWEGO,LA,,,70094,C,,,NA,ROEHM US HOLDING LLC,0,0,,,,,,,,,0,MICHAEL BARRECA,5044315414,MICHAEL.BARRECA@ROEHM.COM,,ROEHM US HOLDING LLC,,1.10049E+11,,,,,,NA,,
70094GLDBN10LOU,GOLD BOND BUILDING PRODUCTS - WESTWEGO,10 LOUISIANA ST,WESTWEGO,JEFFERSON PARISH,22051,LA,70094,6,0,GOLD BOND BUILDING PRODUCTS - WESTWEGO,2001 REXFORD RD,CHARLOTTE,NC,,,28211,C,,,55165518,SPANGLER COS INC,295505,900809,29.918056,90.135833,20,UN,UN,1,U,1010,0,JAMES PHIPPS,7043657426,JFPHIPPS@NATIONALGYPSUM.COM,,SPANGLER COS INC,,1.10001E+11,,,,,,NA,,
70094GLFST175AV,GULF STATES ASPHALT CO. INC.,175 AVE. A,WESTWEGO,JEFFERSON PARISH,22051,LA,70094,6,0,GULF STATES ASPHALT CO. INC.,175 AVE. A,WESTWEGO,LA,,,70094,C,,,NA,GULF STATES ASPHALT CO INC,295454,900854,29.915,90.148333,150,UN,UN,1,U,1010,0,LUIS PENA,7139414410,,,,,1.10001E+11,,,,,,,,
70094HYDRL21KLE,HYDRIL WESTWEGO,201 KLEIN ST,WESTWEGO,JEFFERSON PARISH,22051,LA,70094,6,1,HYDRIL WESTWEGO,201 KLEIN ST,WESTWEGO,LA,,,70094,C,,,86918398,TENARIS,295426,900750,,,,,,,,,0,TIM SIMPSON,9793235485,TSIMPSON@TENARIS.COM,,HYDRIL CO,,1.10003E+11,,,,,,,,
70094KMRWT18RIV,KEMIRA CHEMICALS INC,10800 RIVER RD,WAGGAMAN,JEFFERSON PARISH,22051,LA,70094,6,1,KEMIRA CHEMICALS INC,10800 RIVER RD,WAGGAMAN,LA,,,70094,C,,,33870585,KEMIRA CHEMICALS INC,0,0,,,,,,,,,0,JOE E. ALEXANDER,6788194520,JOE.ALEXANDER@KEMIRA.COM,,KEMIRA CHEMICALS INC,,1.10049E+11,,,,,,,,
70094MRCNC10800,CORNERSTONE CHEMICAL CO,10800 RIVER RD,WESTWEGO,JEFFERSON PARISH,22051,LA,70094,6,0,CORNERSTONE CHEMICAL CO,10800 RIVER RD,WESTWEGO,LA,,,70094,C,,,967512810,CSTN HOLDINGS INC,0,0,29.963889,90.274444,50,UN,UN,1,U,1010,0,CATHERINE PORTHOUSE,5044316492,CATHY.PORTHOUSE@CORNERSTONECHEMCO.COM,,CSTN HOLDINGS INC,,1.10056E+11,,,,,,NA,,
70094NWRLN8400R,NEW ORLEANS SHIPYARD,8400 RIVER RD,WESTWEGO,JEFFERSON PARISH,22051,LA,70094,6,0,NEW ORLEANS SHIPYARD,P O BOX 656,AMA,LA,,,70031,C,,,1307586,ARCHER DANIELS MIDLAND CO,0,0,29.947222,90.229444,150,UN,UN,1,U,1010,0,MICHAEL GOLDSMITH,5042963091,MICHAEL.GOLDSMITH@ADM.COM,,ARCHER DANIELS MIDLAND CO,,1.1E+11,,,,,,,,
70094VNDLN5100A,AVONDALE INDUSTRIES INC GAS FREE PLANT,5100 RIVER RD,AVONDALE,JEFFERSON PARISH,22051,LA,70094,6,1,,5100 RIVER RD,AVONDALE,LA,,UNITED STATES,70094,C,,,NA,NA,295610,901030,29.936111,90.175,11000,UN,UN,1,U,1000,0,STEVEN LACOSTE,5044365030,,,,,1.10018E+11,,,,,,,,
70094VNDLN5100R,"INGALLS SHIPBUILDING, AVONDALE OPERATIONS","5100 RIVER RD, MS 240-1-1",AVONDALE,JEFFERSON PARISH,22051,LA,70094,6,1,INGALLS SHIPBUILDING AVONDALE OPERATIONS,"PO BOX 50280, MS 240-1-1",NEW ORLEANS,LA,,UNITED STATES,70150,C,,,967362331,HUNTINGTON INGALLS INDUSTRIES,295521,901114,29.928333,90.188333,20,UN,UN,1,U,1010,0,TUYEN NGUYEN,5046543010,TUYEN.NGUYEN@HII-INGALLS.COM,,HUNTINGTON INGALLS INDUSTRIES,,1.10018E+11,,,,,,,,
70094VNDLN536MO,AVONDALE INDUSTRIES INC SERVICE FOUNDRY,536 MODERN FARMS RD.,WAGGAMAN,JEFFERSON PARISH,22051,LA,70094,6,0,AVONDALE INDUSTRIES INC SERVICE FOUNDRY,P.O. BOX 50280,NEW ORLEANS,LA,,,70150-0280,C,,,144620747,AVONDALE INDUSTRIES INC,295603,901411,29.934167,90.236389,11000,UN,UN,1,U,1000,0,MALCOLM ANDRY,5044365030,,,,,1.10002E+11,,,,,,,,
7009WDYNNB18RIV,CF INDUSTRIES EAST POINT LLC,10800 RIVER ROAD,WAGGAMAN,JEFFERSON PARISH,22051,LA,70094,6,0,CF INDUSTRIES EAST POINT LLC,10800 RIVER ROAD,WAGGAMAN,LA,,,70094,C,,,602800380,CF INDUSTRIES HOLDINGS INC,,,,,,,,,,,0,AMBER HALL,5044307162,AMBER.HALL@CFINDUSTRIES.COM,,,,1.1007E+11,,,,,,NA,,
7009WJHNWS149ST,JOHN W STONE OIL DISTRIBUTOR VENICE FUEL DOCK,149 STONE RD,VENICE,PLAQUEMINES PARISH,22075,LA,70091,6,0,JOHN W STONE OIL DISTRIBUTOR VENICE FUEL DOCK,149 STONE RD,VENICE,LA,,,70091,C,,,,NA,,,,,,,,,,,0,MITCHELL WAITS,5043663401,MWAITS@STONEOIL.COM,,NA,,,,,,,,NA,,
7009WMRTNP485JU,MARTIN OPERATING PTNR-VENICE JUMP BASIN RD,485 JUMP BASIN RD,VENICE,PLAQUEMINES PARISH,22075,LA,70091,6,0,MARTIN OPERATING PTNR-VENICE JUMP BASIN RD,10100 WOOLWORTH RD,KEITHVILLE,LA,,,71047,C,,,829943989,MARTIN MIDSTREAM PTNRS LP,,,,,,,,,,,0,NATHAN KAUFHOLD,3183506800,NATHAN.KAUFHOLD@MARTINMLP.COM,,MARTIN MIDSTREAM PTNRS LP,,1.10044E+11,,,,,,,,
7009WNTRGY1617R,NINEMILE POINT PLANT,1617 RIVER RD,WESTWEGO,JEFFERSON PARISH,22051,LA,70094,6,0,NINEMILE POINT PLANT,2107 RESEARCH FOREST DRIVE,THE WOODLANDS,TX,,,77380,C,,,809749005,ENTERGY CORP,0,0,,,,,,,,,0,ROBERT ADAMS,2812973323,RADAMS@ENTERGY.COM,,ENTERGY CORP,,1.10002E+11,,,,,,NA,,
70121BRTLT4955R,BARTLETT CHEMICALS INC,4955 RIVER RD,JEFFERSON,JEFFERSON PARISH,22051,LA,70121,6,0,BARTLETT CHEMICALS INC,PO BOX 10710,JEFFERSON,LA,,,70181,C,,,NA,NA,295657,901025,29.949167,90.173611,11000,UN,UN,1,U,1000,0,DON JACOBSEN,5047341971,,,,,1.10002E+11,,,,,,,,
70121CHMCN333RI,CHEMCENTRAL/NEW ORLEANS,333 RIVER RD,JEFFERSON,JEFFERSON PARISH,22051,LA,70121,6,0,CHEMCENTRAL/NEW ORLEANS,333 RIVER RD,JEFFERSON,LA,,,70121,C,,,6929095,CHEMCENTRAL COPORATION,295727,900830,,,,,,,,,0,ROBERT J. GARNER,7085947000,,,,,1.1E+11,,,,,,,,
70121GRNWL4932J,"GREEN-WALKER GALVANIZING CO., INC.",4932 JEFFERSON HWY.,JEFFERSON,JEFFERSON PARISH,22051,LA,70121,6,1,"GREEN-WALKER GALVANIZING CO., INC.",4932 JEFFERSON HWY.,JEFFERSON,LA,,,70121,C,,,NA,NA,295748,900928,29.963333,90.157778,11000,UN,UN,1,U,1000,0,GEORGE DEL MARMOL,5047332241,,,,,1.10002E+11,,,,,,,,
70121NRTHS5042B,NORTH STAR STEEL CO.,5042 BLOOMFIELD ST.,JEFFERSON,JEFFERSON PARISH,22051,LA,70121,6,1,NORTH STAR STEEL CO.,5042 BLOOMFIELD ST.,JEFFERSON,LA,,,70121,C,,,41775008,CARGILL INC,302102,592304,29.9622,90.1822,150,A1,PG,1,J,1000,0,GREG MAREEAUX,5047332244,,,,,1.10002E+11,,,,,,,,
70121SHLLL309JE,SHELL OIL PRODUCTS US,309 JEFFERSON HWY,JEFFERSON,JEFFERSON PARISH,22051,LA,70121,6,0,SOPUS PRODUCTS,309 JEFFERSON HWY,JEFFERSON,LA,,,70121,C,,,161809744,PENNZOIL-QUAKER STATE CO (DBA SOPUS PRODUCTS),295810,900732,29.9649,90.1322,20,I1,CE,1,E,1000,0,MURPHY HEBERT JR.,5048363229,,,,,1.1E+11,,,,,,,,
70121SZRCC803JE,SAZERAC CO. INC.,803 JEFFERSON HWY.,NEW ORLEANS,JEFFERSON PARISH,22051,LA,70121,6,0,SAZERAC CO. INC.,P.O. BOX 52821,NEW ORLEANS,LA,,,70150,C,,,NA,NA,295758,900822,29.966111,90.139444,150,UN,UN,1,U,1010,0,STANLEY SCHWAM,5048496410,,,,,1.10001E+11,,,,,,,,
70123CCCLS5330J,COCA-COLA USA,5330 JEFFERSON HWY.,HARAHAN,JEFFERSON PARISH,22051,LA,70123,6,1,COCA-COLA USA,5330 JEFFERSON HWY.,HARAHAN,LA,,,70123,C,,,3296175,COCA-COLA CO INC,295716,901211,29.954444,90.203056,150,UN,UN,1,U,1010,0,ROBERT MARTIN,4046763702,,,,,1.10008E+11,,,,,,,,
70123CHMCM5501J,CHEMCOM INC OF THE SOUTH,5501 JEFFERSON HWY BLDG 3,JEFFERSON,JEFFERSON PARISH,22051,LA,70123,6,0,CHEMCOM INC OF THE SOUTH,PO BOX 56982,NEW ORLEANS,LA,,,70156,C,,,NA,NA,295504,901006,29.9485,90.1824,150,A1,PG,1,J,1000,0,REGINALD MCGARLAND,5043411518,,,,,1.10002E+11,,,,,,,,
70123CNTNR6000J,GREIF PACKAGING LLC,6000 JEFFERSON HWY,NEW ORLEANS,JEFFERSON PARISH,22051,LA,70123,6,1,,6000 JEFFERSON HWY,NEW ORLEANS,LA,,UNITED STATES,70123,C,,,4282661,GREIF INC,295722,901117,29.956111,90.188056,150,UN,UN,1,U,1010,0,LESLIE GILCHRIST,5047336644,LESLIE.GILCHRIST@GREIF.COM,,GREIF INC,309,1.1E+11,,,,,,,,
70123DSTNC1320S,CROMPTON CORP,1320 SAMS AVE,HARAHAN,JEFFERSON PARISH,22051,LA,70123,6,0,CROMPTON CORP,PO BOX 23523,NEW ORLEANS,LA,,,70153-0523,C,,,1374545,CROMPTON CORP,295700,901200,29.95,90.2,150,UN,UN,1,U,1010,0,BEN AYROD,5047337777,,,,,1.1E+11,,,,,,,,
70123HLLBH6141J,HILL-BEHAN LUMBER CO,6141 JEFFERSON HWY,HARAHAN,JEFFERSON PARISH,22051,LA,70123,6,0,HILL-BEHAN LUMBER CO,PO BOX 23246,HARAHAN,LA,,,70183,C,,,NA,NA,295618,901130,29.938333,90.191667,11000,UN,UN,1,U,1000,0,JAMES CALVIN SHOEMAKE,5047336963,,,,,1.10002E+11,,,,,,,,
70123LSNCC5601C,LOUISIANA COCA-COLA BOTTLING CO,5601 CITRUS BLVD,HARAHAN,JEFFERSON PARISH,22051,LA,70123,6,0,COCA-COLA ENTERPRISES INC,2500 WINDY RIDGE PKWY,ATLANTA,GA,,,30339,C,,,118267624,COCA-COLA ENTERPRISES INC,10000,10000,,,,,,,,,0,,,,,,,1.1001E+11,,,,,,,,
70123RLNSM5751R,ORLEANS MARBLE INC,5751 RIVER RD,HARAHAN,JEFFERSON PARISH,22051,LA,70123,6,0,ORLEANS MARBLE INC,5751 RIVER RD,HARAHAN,LA,,,70123,C,,,NA,NA,295632,901054,,,,,,,,,0,CHRISTOPHER C GAMBINO,5047338575,,,,,1.10003E+11,,,,,,,,
70123TLSST223HO,ATLAS STEEL & WIRE CORP.  AMERISTEEL DIV.,223 HORD ST.,HARAHAN,JEFFERSON PARISH,22051,LA,70123,6,0,"ATLAS STEEL & WIRE CORP., AMERISTEEL DIV.",P.O. BOX 23601,HARAHAN,LA,,,70183,C,,,4093456,AMERISTEEL CORP,295631,901118,29.934722,90.184167,600,UN,UN,1,U,1010,0,ALFRED THERIOT,5047362110,,,,,1.10027E+11,,,,,,,,
70123TLSST325HO,ATLAS STEEL & WIRE GERDAU AMERISTEEL US INC,325 HORD ST,HARAHAN,JEFFERSON PARISH,22051,LA,70123,6,0,ATLAS STEEL & WIRE GERDAU AMERISTEEL US INC,325 HORD ST,HARAHAN,LA,,,70123,C,,,4093456,GERDAU AMERISTEEL US INC,295604,901105,29.934444,90.184722,500,UN,UN,1,U,1010,0,BRUNO LIOI,4097812096,BLIOI@GERDAUAMERISTEEL.COM,,,,1.1E+11,,,,,,,,
70123TRNSG6101H,TRANS GULF IND. INC.,6101 HUMPHREY ST.,HARAHAN,JEFFERSON PARISH,22051,LA,70123,6,0,TRANS GULF IND. INC.,6101 HUMPHREY ST.,HARAHAN,LA,,,70123,C,,,NA,TRANSGULF IND INC,295647,901156,29.946389,90.198889,11000,UN,UN,1,U,1000,0,CHARLES MOORE,5047337865,,,,,1.10011E+11,,,,,,,,
70123WCHMN5734S,WECHEM INC,5734 SUSITNA DR,HARAHAN,JEFFERSON PARISH,22051,LA,70123,6,0,WECHEM INC,5734 SUSITNA DR,HARAHAN,LA,,,70123,C,,,,NA,0,0,29.956111,90.1975,99999,UN,UN,U,U,0,0,MICHAEL WISECARVER,5047331152,MWISECARVER@WECHEM.COM,,NA,3204,1.1E+11,,,,,,NA,,
70123WLLCR600EL,WALLE CORP.,600 ELMWOOD PARK BLVD.,JEFFERSON,JEFFERSON PARISH,22051,LA,70123,6,0,WALLE CORP.,600 ELMWOOD PARK BLVD.,JEFFERSON,LA,,,70123,C,,,NA,NA,295705,901107,29.951389,90.185278,150,UN,UN,1,U,1010,0,FRED H. WEIDMAN,5047348000,,,,,1.10002E+11,,,,,,,,
70123XCHMN6120J,X-CHEM LLC,6120 JEFFERSON HWY,HARAHAN,JEFFERSON PARISH,22051,LA,70123,6,0,X-CHEM LLC,6120 JEFFERSON HWY,HARAHAN,LA,,,70123,C,,,108706425,CLARIANT CORP,0,0,29.9391,90.19,150,A1,PG,1,J,1000,0,CLINT JOHNSON,8326633920,CLINT.JOHNSON@CLARIANT.COM,,CLARIANT CORP,,1.1E+11,,,,,,,,
70129LFRGH15INT,LAFARGE HAGAN PLANT,15000 INTRACOASTAL DR,NEW ORLEANS,JEFFERSON PARISH,22051,LA,70129,6,0,LAFARGE OFFICE,3320 AIRLINE DR,METAIRIE,LA,,,70001,C,,,67568246,LAFARGE NORTH AMERICA,,,,,,,,,,,0,MEGHAN MCDONALD,3036574148,MEGHAN.MCDONALD@LAFARGE-NA.COM,,,,1.10044E+11,,,,,,,,
7012WFVSTR264HR,FIVE STAR PRODUCTS INC.,264 HORD ST,NEW ORLEANS,JEFFERSON PARISH,22051,LA,70123,6,0,FIVE STAR PRODUCTS INC.,264 HORD ST,NEW ORLEANS,LA,,,70123,C,,,,NA,,,,,,,,,,,0,SHAWN NOBLE,2033374025,NOBLES@FIVESTARPRODUCTS.COM,,,,,,,,,,NA,,
7012WMRTNP1BFLR,MARTIN OPERATING PTNR RIVER RIDGE,100 FLORIDA ST,NEW ORLEANS,JEFFERSON PARISH,22051,LA,70123,6,0,MARTIN OPERATING PTNR RIVER RIDGE,PO BOX 6567,BEAUMONT,TX,,,77725,C,,,10411015,MARTIN OPERATING PTNR,,,,,,,,,,,0,BRIAN CARPENTER,5048328600,BRIAN.CARPENTER@MARTINMLP.COM,,,,1.10033E+11,,,,,,,,
7012WQKRTN2HRDS,QUIKRETE - NEW ORLEANS LA PLANT,200 HORD ST,NEW ORLEANS,JEFFERSON PARISH,22051,LA,70123,6,0,QUIKRETE - NEW ORLEANS LA PLANT,200 HORD ST,NEW ORLEANS,LA,,,70123,C,,,4300406,QUIKRETE HOLDINGS,,,,,,,,,,,0,JOE GORSKI,4046349100,JOE.GORSKI@QUIKRETE.COM,,QUIKRETE HOLDINGS,4112,,,,,,,NA,,
70143SNVYNBELLE,US NAVY NAVAL AIR STATION JOINT RESERVE BASE NEW ORLEANS,BELLE CHASSE HWY (LA23),BELLE CHASSE,PLAQUEMINES PARISH,22075,LA,70037,6,0,US NAVY NAVAL AIR STATION JOINT RESERVE BASE NEW ORLEANS,400 RUSSELL AVE BLDG 552 CODE N45,NEW ORLEANS,LA,,,70143,F,DOD,,NA,US DEPARTMENT OF DEFENSE,294943,900121,,,,,,,,,1,CAPT LENA KAMAN,5046789885,LENA.C.KAMAN.MIL@US.NAVY.MIL,,US DEPARTMENT OF DEFENSE,,1.10001E+11,,,,,,,,
70143TNNCL500WE,CHALMETTE REFINING LLC,500 W ST BERNARD HWY,CHALMETTE,ST. BERNARD PARISH,22087,LA,70043,6,0,CHALMETTE REFINING LLC,PO BOX 1007,CHALMETTE,LA,,,70044,C,,,8090938,PBF ENERGY INC,295600,895818,29.933333,89.971667,50,UN,UN,1,U,1010,0,ELIZABETH ELLISON-FROST,5042811355,ELIZABETH.ELLISON-FROST@PBFENERGY.COM,,PBF ENERGY INC,,1.10046E+11,,,,,,NA,,
70181MGNLC1020S,INDUSTRIAL CHEMICAL - JEFFERSON,1020 SAMS AVE,NEW ORLEANS,JEFFERSON PARISH,22051,LA,70123,6,0,INDUSTRIAL CHEMICALS - JEFFERSON,PO BOX 660688,BIRMINGHAM,AL,,,352660688,C,,,NA,NA,295714,901159,,,,,,,,,0,RICHARD WHEATON,2059780490,DUSTYW@INDUSTRIALCHEM.COM,,,,1.10001E+11,,,,,,,,
70183DXPRDGSTXX,DIXIE PRODUCE & PACKAGING INC,G  STREET,HARAHAN,JEFFERSON PARISH,22051,LA,70183,6,0,DIXIE PRODUCE & PACKAGING INC,G  STREET,HARAHAN,LA,,,70183,C,,,NA,NA,295706,901104,,,,,,,,,0,LOUIS DANNA,5047337500,,,,,1.10003E+11,,,,,,,,
70346CFNDSHWY30,CF INDUSTRIES NITROGEN LLC,39018 HWY 3089,DONALDSONVILLE,ASCENSION PARISH,22005,LA,70346,6,0,CF INDUSTRIES NITROGEN LLC,PO BOX 468,DONALDSONVILLE,LA,,,70346,C,,,602800380,CF INDUSTRIES HOLDINGS INC,0,0,30.096667,90.959722,20,UN,UN,1,U,1010,0,ALICIA MEADS,2023719279,AMEADS@CFINDUSTRIES.COM,,CF INDUSTRIES HOLDINGS INC,,1.10014E+11,,,,,,NA,,
70346GRCCHLAHIG,MOSAIC PHOSPHATES CO FAUSTINA PLANT,9959 HWY LA 18,SAINT JAMES,ST. JAMES PARISH,22093,LA,70086,6,0,MOSAIC PHOSPHATES CO FAUSTINA PLANT,7250 HIGHWAY 44,UNCLE SAM,LA,,,70792,C,,,169110165,THE MOSAIC CO,0,0,30.086111,90.9125,20,UN,UN,1,U,1010,0,BRANDON KELLER,2254744053,BRANDON.KELLER@MOSAICCO.COM,,THE MOSAIC CO,,1.10064E+11,,,,,,NA,,
70346MLMNC39041,TERRA MISSISSIPPI NITROGEN (MELAMINE FACILITY),39041 HWY 18 W,DONALDSONVILLE,ASCENSION PARISH,22005,LA,70346,6,2,TERRA MISSISSIPPI NITROGEN (MELAMINE FACILITY),PO BOX 746,DONALDSONVILLE,LA,,,70346,C,,,101123578,TERRA INDUSTRIES INC,300630,905730,30.108333,90.958333,20,UN,UN,1,U,1010,0,RICHARD BARTLEY,2254744650,,,,,1.1007E+11,,,,,,,,
70346MPRMM39139,AMPRO FERTILIZER INC.,39139 HWY. 18 W.,DONALDSONVILLE,ASCENSION PARISH,22005,LA,70346,6,2,AMPRO FERTILIZER INC.,P.O. BOX 392,DONALSONVILLE,LA,,,70346,C,,,8966418,FIRST MISSISSIPPI CORP,300543,905735,30.095278,90.959722,20,UN,UN,1,U,1010,0,MARK J. EZELL,5044744675,,,,,1.1007E+11,,,,,,,,
70346RCHRD2330H,RICHARD OIL & FUEL INC,2330 HWY 70,DONALDSONVILLE,ASCENSION PARISH,22005,LA,70346,6,0,RICHARD OIL & FUEL INC,PO BOX  686,DONALDSONVILLE,LA,,,70346,C,,,NA,RELADYNE LLC,300539,905608,,,,,,,,,0,TESSAH CHAPPELOW,3177606163,TESSAH.CHAPPELOW@RELADYNE.COM,,RELADYNE LLC,,1.10011E+11,,,,,,NA,,
70346TRDCH39041,TERRA MISSISSIPPI NITROGEN INC,39139 HWY 18 W,DONALDSONVILLE,ASCENSION PARISH,22005,LA,70346,6,0,TERRA MISSISSIPPI NITROGEN INC,P O BOX 310,DONALDSONVILLE,LA,,,70346,C,,,101123578,TERRA INDUSTRIES INC,300613,905718,30.103611,90.955,20,UN,UN,1,U,1010,0,RICHARD BARTLEY,2254744650,RBARTLEY@TERRAINDUSTRIES.COM,,,,1.10067E+11,,,,,,,,
70358GRNDS432MI,GRAND ISLE SHIPYARD,432 MINNICH,GRAND ISLE,JEFFERSON PARISH,22051,LA,70358,6,0,GRAND ISLE SHIPYARD,PO BOX 820,GALLIANO,LA,,,70354,C,,,NA,NA,291424,895934,,,,,,,,,0,RHETT MONIER,9854755238,,,,,1.10014E+11,,,,,,,,
70710CCDNTHWY1E,BORDEN CHEMICALS & PLASTICS OPERATING LP,8600 HWY 1 S,ADDIS,WEST BATON ROUGE PARISH,22121,LA,70710,6,0,BORDEN CHEMICALS & PLASTICS OPERATING LP,8600 HWY 1 S,ADDIS,LA,,,70710,C,,,NA,NA,302054,911508,30.348333,91.252222,20,UN,UN,1,U,1010,0,MARSHALL D OWENS JR,2256736121,,,,,1.10001E+11,,,,,,,,
70710CPLYMLOUIS,DSM COPOLYMER,9263 HWY 1 S,ADDIS,WEST BATON ROUGE PARISH,22121,LA,707102030,6,0,DSM COPOLYMER,9263 HWY 1 S,ADDIS,LA,,,70710-2030,C,,,608233961,DSM FINANCE,302023,911502,30.339722,91.250556,50,UN,UN,1,U,1010,0,BART WESLEY,2252673161,,,,,1.1E+11,,,,,,,,
70710RPRDC9555H,AIR PRODUCTS & CHEMICALS INC.  PLAQUEMINE LA FAC.,9555 HWY. 1 S.,ADDIS,WEST BATON ROUGE PARISH,22121,LA,70710,6,0,AIR PRODS. & CHEMICALS INC.  PLAQUEMINE LA FAC.,P.O. BOX 1010,PLAQUEMINE,LA,,,70765,C,,,3001070,AIR PRODUCTS & CHEMICALS INC,301903,911428,30.3175,91.241111,20,UN,UN,1,U,1010,0,D. J. MACGOWN,5046876559,,,,,1.10002E+11,,,,,,,,
70710SDRCHPOBOX,ADDIS CARBON BLACK PLANT,5221 SID RICHARDSON RD,ADDIS,WEST BATON ROUGE PARISH,22121,LA,70710,6,0,ADDIS CARBON BLACK PLANT,PO BOX 267,ADDIS,LA,,,70710,C,,,8016495,TOKAI CARBON CB,301942,911646,30.3356,91.2533,20,I1,CE,1,E,1000,0,LONG NGUYEN,8173805314,LBNGUYEN@TOKAICARBONCB.COM,,TOKAI CARBON CB,,1.10044E+11,,,,,,NA,,
70710SHNTC9750L,SHINTECH LOUISIANA LLC - ADDIS PLANT A,9750 LOUISIANA HWY 1 S,ADDIS,WEST BATON ROUGE PARISH,22121,LA,70710,6,0,SHINTECH LOUISIANA LLC - ADDIS PLANT A,PO BOX 358,ADDIS,LA,,,70710,C,,,65095390,C-K TECH INC,0,0,,,,,,,,,0,TIMOTHY BERGERON,2256872105,TBERGERON@SHIN-TECH.COM,,C-K TECH INC,5620,1.10008E+11,,,,,,NA,,
70710SHWSS7012L,SHAW SSS FABRICATORS INC,6501 1ST ST,ADDIS,WEST BATON ROUGE PARISH,22121,LA,70710,6,1,SHAW SSS FABRICATORS INC,6501 1ST ST,ADDIS,LA,,,70710,C,,,180038382,THE SHAW GROUP INC,302156,911536,,,,,,,,,0,KENNY ZIRKLE,2257493165,KENNY.ZIRKLE@CBI.COM,,CHICAGO BRIDGE & IRON CO,,1.10006E+11,,,,,,,,
70715NNYPLLA1NO,NAN YA PLASTICS CORP AMERICA,5561 NORMANDY RD,BATCHELOR,POINTE COUPEE PARISH,22077,LA,70715,6,0,NAN YA PLASTICS CORP AMERICA,5561 NORMANDY RD,BATCHELOR,LA,,,70715,C,,,,NA,304905,913909,30.818056,91.6525,11000,UN,UN,1,U,1000,0,GEORGE NAN,2254922141,GNAN@NABT.NPCAM.COM,,,298,1.10002E+11,,,,,,NA,,
70719HRRYL5133S,HARRY L. LAWS & CO INC,5133 S FLORENCE AVE,BRUSLY,WEST BATON ROUGE PARISH,22121,LA,70719,6,0,HARRY L. LAWS & CO. INC.,PO BOX 158,BRUSLY,LA,,,70719-0158,C,,,NA,HARRY L LAWS & CO INC,302200,911400,30.366667,91.233333,11000,UN,UN,1,U,1000,0,CINCLARE CENTRAL FACTORY,2257492861,,,,,1.1E+11,,,,,,,,
70719TRNTY7555C,TRINITY MARINE PRODUCTS INC PLT 48,7555 CHOCTAW RD,BRUSLY,WEST BATON ROUGE PARISH,22121,LA,70719,6,0,TRINITY MARINE PRODUCTS INC PLT 48,7555 CHOCTAW RD,BRUSLY,LA,,,70719,C,,,7324254,TRINITY INDUSTRIES INC,302322,911934,30.388333,91.321944,11000,UN,UN,1,U,1000,0,S. THEIS RICE,2145898170,THEIS.RICE@TRIN.NET,,TRINITY INDUSTRIES INC,,1.10007E+11,,,,,,,,
70721CSMRPLAHWY,COS-MAR CO,6325 LA HWY 75,CARVILLE,IBERVILLE PARISH,22047,LA,70721,6,0,COS-MAR CO,PO BOX 11,CARVILLE,LA,,,70721,C,,,NA,COSMAR CO,301338,910405,30.227222,91.068056,20,UN,UN,1,U,1010,0,CASEY CROW,2256424579,CASEY.CROW@TOTALENERGIES.COM,,COSMAR CO,,1.10067E+11,,,,,,NA,,
70721FNLCHLAHWY,TOTALENERGIES PETROCHEMICALS & REFINING USA INC CARVILLE POL,6225 HWY 75,CARVILLE,IBERVILLE PARISH,22047,LA,70721,6,0,TOTALENERGIES PETROCHEMICALS & REFINING USA INC CARVILLE POL,PO BOX 98,CARVILLE,LA,,,70721,C,,,1329077,TOTALENERGIES HOLDINGS USA INC,0,0,30.228333,91.070556,20,UN,UN,1,U,1010,0,CASEY CROW,2256424759,CASEY.CROW@TOTALENERGIES.COM,,TOTALENERGIES HOLDINGS USA INC,,1.10071E+11,,,,,,TOTAL SE,NA,
70723CCDNTHIGHW,OCCIDENTAL CHEMICAL HOLDING CORP,7377 HWY 3214,CONVENT,ST. JAMES PARISH,22093,LA,70723,6,0,OCCIDENTAL CHEMICAL HOLDING CORP,7377 HWY 3214,CONVENT,LA,,,70723,C,,,6908354,OCCIDENTAL PETROLEUM CORP,0,0,30.0625,90.833333,20,UN,UN,1,U,1010,0,CHAD J. ORILLION,2255629395,CHAD_ORILLION@OXY.COM,,OCCIDENTAL PETROLEUM CORP,,1.10001E+11,,,,,,NA,,
70723CSMTL7591H,CS METALS OF LOUISIANA LLC,7591 HWY 3214,CONVENT,ST. JAMES PARISH,22093,LA,70723,6,0,CS METALS OF LOUISIANA LLC,7591 HWY 3214,CONVENT,LA,,,70723,C,,,NA,CRI METAL PRODUCTS INC,300355,904945,,,,,,,,,0,DWAYNE S DUGAS,2255621184,,,,,1.10001E+11,,,,,,,,
70723RPRDC1759C,AIR PRODUCTS & CHEMICALS INC - CONVENT SMR,10759 CONVENT WAY,CONVENT,ST. JAMES PARISH,22093,LA,70723,6,0,AIR PRODUCTS & CHEMICALS INC - CONVENT SMR,10759 CONVENT WAY,CONVENT,LA,,,70723,C,,,3001070,AIR PRODUCTS & CHEMICALS INC,,,,,,,,,,,0,Kevin Otwell,2256928107,otwellkc@airproducts.com,,AIR PRODUCTS & CHEMICALS INC,,1.10023E+11,,,,,,,,
70723RPRDCHIGHW,AIR PRODUCTS & CHEMICALS INC,12465 HWY 70 E,CONVENT,ST. JAMES PARISH,22093,LA,70723,6,0,AIR PRODUCTS & CHEMICALS INC,PO BOX 160,SORRENTO,LA,,,70778,C,,,3001070,AIR PRODUCTS & CHEMICALS INC,300715,905215,30.120833,90.870833,20,UN,UN,1,U,1010,0,WILLIAM V. HENRY,2256424213,,,,,1.10006E+11,,,,,,,,
70723TXCRFFOOTO,CONVENT REFINERY,FOOT OF SUNSHINE BRIDGE- LA HW Y 44,CONVENT,ST. JAMES PARISH,22093,LA,70723,6,0,CONVENT REFINERY,PO BOX 37,CONVENT,LA,,,70723,C,,,NA,SHELL OIL PRODUCTS US,300640,905342,30.118333,90.916667,50,UN,UN,1,U,1010,0,KEVIN POCHE,2252016373,KEVIN.POCHE@SHELL.COM,,,,1.10001E+11,,,,,,NA,,
70725DPNTB3460H,VEOLIA BURNSIDE PLANT,3460 HWY 44,DARROW,ASCENSION PARISH,22005,LA,70725,6,0,VEOLIA BURNSIDE PLANT,3460 HWY 44,DARROW,LA,,,70725,C,,,81134987,VEOLIA N.A. INC.,0,0,30.126389,90.909722,20,UN,UN,1,U,1010,0,KEVIN ROBERTSON,2254735981,KEVIN.ROBERTSON@VEOLIA.COM,,,,1.10001E+11,,,,,,VEOLIA ENVIRONNEMENT SA,494763675,
70729BGRVR12652,ARCOSA LW BR LLC GRAVELITE,12652 AIRLINE HWY,OSCAR,POINTE COUPEE PARISH,22077,LA,70762,6,0,ARCOSA LW BR LLC GRAVELITE,1112 E COPELAND RD,ARLINGTON,TX,,,76011,C,,,81323613,ARCOSA INC,303133,912423,,,,,,,,,0,RHETT POURCIAU,2254217363,JAMES.POURCIAU@ARCOSA.COM,,ARCOSA INC,,1.10041E+11,,,,,,,,
7072WLDCST345ER,OLDCASTLE LAWN & GARDEN,3405 ERVIN S COOPER,DARROW,ASCENSION PARISH,22005,LA,70725,6,0,OLDCASTLE LAWN & GARDEN,3405 ERVIN S COOPER,DARROW,LA,,,70725,C,,,852849529,OLDCASTLE INC,,,,,,,,,,,0,MELISSA KIEFER,2079985580,MELISSA.KIEFER@OLDCASTLE.COM,,OLDCASTLE INC,41327,1.10064E+11,,,,,,,,
7072WMLLNN9113W,MILLENNIUM GALVANIZING LLC,91130 WINNIE RD,CONVENT,ST. JAMES PARISH,22093,LA,70723,6,0,MILLENNIUM GALVANIZING LLC,91130 WINNIE RD,CONVENT,LA,,,70723,C,,,825673189,CREST OPERATIONS,0,0,,,,,,,,,0,KELVIN GREEN,2257260417,KELVIN.GREEN@MILLENNIUMGALV.COM,,CREST OPERATIONS,,1.10067E+11,,,,,,NA,,
7072WNCRST911HW,NUCOR STEEL LOUISIANA LLC,9101 HWY 3125,CONVENT,ST. JAMES PARISH,22093,LA,70723,6,0,NUCOR STEEL LOUISIANA LLC,9101 HWY 3125,CONVENT,LA,,,70723,C,,,3446796,NUCOR CORP,,,,,,,,,,,0,ERICA CARUSO,2253314005,ERICA.CARUSO@NUCOR.COM,,NUCOR CORP,,1.10056E+11,,,,,,NA,,
70734BRDNC9288H,HEXION INC,4338 HIGHWAY 73,GEISMAR,ASCENSION PARISH,22005,LA,70734,6,0,HEXION INC,PO BOX 232,GEISMAR,LA,,,70734,C,,,117331984,HEXION HOLDINGS CORP,0,0,,,,,,,,,0,MICHAEL BROWN,2257442008,MIKE.BROWN@HEXION.COM,,HEXION HOLDINGS CORP,,1.10002E+11,,,,,,NA,,
70734BRDNCLOUIS,WESTLAKE VINYLS CO,36045 HWY 30,GEISMAR,ASCENSION PARISH,22005,LA,70734,6,0,WESTLAKE VINYLS CO,PO BOX 228,GEISMAR,LA,,,70734,C,,,783918485,WESTLAKE CORP,0,0,30.209722,91.013889,80,UN,UN,1,U,1010,0,LISA CLARY,2256736000,MEDIARELATIONS@WESTLAKE.COM,,WESTLAKE CORP,,1.10001E+11,,,,,,NA,,
70734BSFCRRIVER,BASF CORP,8404 HWY 75,GEISMAR,ASCENSION PARISH,22005,LA,70734,6,0,BASF CORP,PO BOX 457,GEISMAR,LA,,,70734,C,,,71014385,BASF CORP,0,0,30.2,91,50,I2,CE,1,J,1000,0,ERIC HILLMAN,2253392231,ERIC.HILLMAN@BASF.COM,,BASF CORP,,1.10001E+11,,,,,,BASF SE,315000554,
70734LLDSGHWY31,HONEYWELL INTERNATIONAL INC GEISMAR PLANT,5525 HWY 3115,CARVILLE,ASCENSION PARISH,22005,LA,70721,6,0,HONEYWELL INTERNATIONAL INC GEISMAR PLANT,,,,,,,C,,,139691877,HONEYWELL INTERNATIONAL INC,301344,910317,30.2315,91.0519,20,I1,,1,E,1000,1,MIKE HOCKEY,8322854933,MIKE.HOCKEY@HONEYWELL.COM,,HONEYWELL INTERNATIONAL INC,,1.10034E+11,,,,,,,,
70734LQDCRPOBOX,LINDE GEISMAR FACILITY,9154 HIGHWAY 75,GEISMAR,ASCENSION PARISH,22005,LA,70734,6,0,LINDE GEISMAR FACILITY,PO BOX 230,GEISMAR,LA,,,70734,C,,,197154586,LINDE INC,0,0,30.199444,91.030278,20,UN,UN,1,U,1010,0,TIMOTHY B JONES,3467862214,TIMOTHY.B.JONES@LINDE.COM,,LINDE INC,,1.10046E+11,,,,,,LINDE PLC,985692077,
70734NNTXSLAHWY,NOVA CHEMICALS OLEFINS LLC,5205 HWY 3115,GEISMAR,ASCENSION PARISH,22005,LA,70734,6,0,NOVA CHEMICALS OLEFINS LLC,PO BOX 470,GEISMAR,LA,,,70734,C,,,NA,NC HOLDINGS USA INC,301409,910302,30.235833,91.050556,80,UN,UN,1,U,1010,0,ALLYSON LEDET,2256422061,ALLYSON.LEDET@NOVACHEM.COM,,NC HOLDINGS USA INC,,1.10001E+11,,,,,,NA,,
70734NRYLCPOBOX,LION COPOLYMER GEISMAR LLC,36191 LOUISIANA HWY 30,GEISMAR,ASCENSION PARISH,22005,LA,70734,6,0,LION COPOLYMER GEISMAR LLC,36191 LOUISIANA HWY 30,GEISMAR,LA,,,70734,C,,,802055579,LION COPOLYMER HOLDINGS LLC,0,0,30.205278,91.010833,50,UN,UN,1,U,1010,0,KEITH GORDON,2256730783,KEITH.GORDON@LIONELASTOMERS.COM,,LION COPOLYMER HOLDINGS LLC,,1.1E+11,,,,,,NA,,
70734RBCNN9156H,RUBICON LLC,9156 HIGHWAY 75,GEISMAR,ASCENSION PARISH,22005,LA,70734,6,0,RUBICON LLC,PO BOX 517,GEISMAR,LA,,,70734,C,,,,NA,0,0,30.199167,91.008333,50,UN,UN,1,U,1010,0,MICHELLE B. EAGLIN,2257445590,MICHELLE_B_EAGLIN@HUNTSMAN.COM,,NA,,1.10001E+11,,,,,,NA,,
70734RCDNCHIGHW,PCS NITROGEN FERTILIZER LP,HWY 3115 & HWY 30,GEISMAR,ASCENSION PARISH,22005,LA,70734,6,0,PCS NITROGEN FERTILIZER LP,PO BOX 307,GEISMAR,LA,,,70734,C,,,119291023,NUTRIEN US TOPCO LLC,301334,910316,30.226111,91.054444,20,UN,UN,1,U,1010,0,CECIL HOPPER,2256211867,CECIL.HOPPER@NUTRIEN.COM,,,,1.10001E+11,,,,,,NUTRIEN LTD.,NA,
70734RGSGL35114,AIRGAS USA LLC,35114 HIGHWAY 30,GEISMAR,ASCENSION PARISH,22005,LA,70734,6,0,AIRGAS USA LLC,31 N. PEORIA AVE.,TULSA,OK,,,74120,C,,,24492860,AIRGAS INC,,,,,,,,,,,0,BRANDON KETCHER,9182956214,BRANDON.KETCHER@AIRGAS.COM,,AIRGAS INC,,1.10025E+11,,,,,,NA,,
70734RHNPL10810,INNOPHOS INC,10810 LA-75,GEISMAR,ASCENSION PARISH,22005,LA,70734,6,0,INNOPHOS INC,10810 LA-75,GEISMAR,LA,,,70734,C,,,155532257,INNOPHOS INC,301307,910305,30.218611,91.051389,150,UN,UN,1,U,1010,0,DAVID HAIRSTON,2256735618,DAVID.HAIRSTON@INNOPHOS.COM,,INNOPHOS INC,,1.10001E+11,,,,,,NA,,
70734RPRDS36637,BASF NORTH GEISMAR SITE,36637- B LA HWY 30,GEISMAR,ASCENSION PARISH,22005,LA,70734,6,0,BASF NORTH GEISMAR SITE,P.O. BOX 670,GEISMAR,LA,,,70734,C,,,71014385,BASF CORP,301219,905948,,,,,,,,,0,JERVEY CHEVEALLIER,2253392542,JERVEY.CHEVEALLIER@BASF.COM,,BASF CORP,,1.10001E+11,,,,,,BASF SE,315000554,
70734VLCNMASHLA,OCCIDENTAL CHEMICAL HOLDING CORP - GEISMAR PLANT,8318 ASHLAND RD,GEISMAR,ASCENSION PARISH,22005,LA,70734,6,0,,,,,,,,C,,,6908354,OCCIDENTAL PETROLEUM CORP,301107,905849,30.197222,90.974167,50,UN,UN,1,U,1010,0,SHARON CAUGHMAN,2254742695,SHARON_CAUGHMAN@OXY.COM,,,,1.1E+11,,,,,,NA,,
70734VNWTR34200,UNIVAR SOLUTIONS GEISMAR GE,34200 DISTRIBUTION LN,GEISMAR,ASCENSION PARISH,22005,LA,70734,6,0,UNIVAR SOLUTIONS GEISMAR GE,34200 DISTRIBUTION LN,GEISMAR,LA,,,70734,C,,,102971785,UNIVAR SOLUTIONS USA INC,300749,910127,,,,,,,,,0,ANA MAURICIO,3462683996,ANA.MAURICIO@UNIVARSOLUTIONS.COM,,UNIVAR SOLUTIONS USA INC,,1.10008E+11,,,,,,NA,,
70737LQDCR37274,PRAXAIR DISTRIBUTION INC.,37256 HWY. 30,GEISMAR,ASCENSION PARISH,22005,LA,70734,6,0,PRAXAIR DISTRIBUTION INC.,37256 HWY. 30,GEISMAR,LA,,,70734,C,,,197154586,PRAXAIR INC,301241,905853,30.211389,90.981389,11000,UN,UN,1,U,1000,0,SCOTT FETZER,5043441403,,,,,1.10001E+11,,,,,,,,
70737NCLNN1425S,ENCLEAN INC.,1425 S. PURPERA,GONZALES,ASCENSION PARISH,22005,LA,70737,6,1,ENCLEAN INC.,1425 S. PURPERA,GONZALES,LA,,,70737,C,,,NA,NA,,,30.222047,90.903867,150,A1,PG,1,J,1000,0,DAVE TREIGER,7133318335,,,,,1.1001E+11,,,,,,,,
70737NCLNS3125S,CHEMSTATION,3125 S. BURNSIDE,GONZALES,ASCENSION PARISH,22005,LA,70737,6,0,CHEMSTATION,P.O. BOX 760,GONZALES,LA,,,70707,C,,,177350279,CHEMSTATION INTL,301217,905516,30.204722,90.921111,11000,UN,UN,1,U,1000,0,LORNE LANDRENEAU,2256214650,,,,,1.1E+11,,,,,,,,
70737RMTCRLAHWY,ALMATIS BURNSIDE INC,41237 HWY 22,BURNSIDE,ASCENSION PARISH,22005,LA,70738,6,0,ALMATIS BURNSIDE INC,PO BOX 1629,GONZALES,LA,,,70707,C,,,,NA,0,0,30.1478,90.9091,20,I1,CE,1,E,1000,0,SCOTT ROBINSON,2254741711,SCOTT.ROBINSON@LALUMINA.COM,,NA,,1.10013E+11,,,,,,,,
70737SHLLCRIVER,SHELL CHEMICAL LP,7594 HIGHWAY 75,GEISMAR,ASCENSION PARISH,22005,LA,70734,6,0,SHELL CHEMICAL LP,PO BOX 500,GEISMAR,LA,,,70734,C,,,4294737,SHELL PETROLEUM INC,0,0,30.183,90.9996,20,I1,CE,1,E,1000,0,KEVIN POCHE,2252016373,KEVIN.POCHE@SHELL.COM,,,,1.10001E+11,,,,,,NA,,
7073WBKRHG928HI,BAKER HUGHES OILFIELD OPERATIONS,9208 HIGHWAY 75,GEISMAR,ASCENSION PARISH,22005,LA,70734,6,0,BAKER HUGHES OILFIELD OPERATIONS,9208 HIGHWAY 75,GEISMAR,LA,,,70734,C,,,,NA,,,,,,,,,,,0,TOSIN OTULANA,9857029661,TOSIN.OTULANA@BAKERHUGHES.COM,,BAKER HUGHES HOLDINGS LLC,,1.10055E+11,,,,,,,,
7073WDYNMC36187,REG GEISMAR LLC,36187 HWY 30,GEISMAR,ASCENSION PARISH,22005,LA,70734,6,0,REG GEISMAR LLC,416 SOUTH BELL AVE.,AMES,IA,,,50010,C,,,9140559,CHEVRON CORP,0,0,,,,,,,,,0,DANIEL DASCHER,2256788836,DANIEL.DASCHER@CHEVRON.COM,,CHEVRON CORP,,1.1004E+11,,,,,,NA,,
7073WGSMRF1334L,GEISMAR FRACTINATION PLANT,10334 LOUISIANA HIGHWAY 75,GEISMAR,ASCENSION PARISH,22005,LA,70734,6,0,GEISMAR FRACTINATION PLANT,11135 INDUSTRIPLEX BOULEVARD,BATON ROUGE,LA,,,70809,C,,,,NA,,,,,,,,,,,0,AMANDA POLITO,2254219014,AMANDA.POLITO@ENERGYTRANSFER.COM,,,,,,,,,,NA,,
7073WGSMRF36352,GEISMAR FABRICATION FACILITY,36352 HIGHWAY 30,GEISMAR,ASCENSION PARISH,22005,LA,70734,6,0,GEISMAR FABRICATION FACILITY,36352 HIGHWAY 30,GEISMAR,LA,,,70734,C,,,16638384,JV INDUSTRIAL LTD,,,,,,,,,,,0,DALE CARBO,2259381802,CARBOD@JVIC.COM,,,,,,,,,,NA,,
7073WHLCMS38429,HOLCIM-SOR INC.-GONAZALES,38429 LOUISIANA 30 WEST,GONZALES,ASCENSION PARISH,22005,LA,70737,6,0,HOLCIM-SOR INC.-GONAZALES,15900 DOOLEY ROAD,ADDISON,TX,,,75001,C,,,81260273,HOLCIM PARTICIPATIONS (US) INC,,,,,,,,,,,0,RILEY KIRBY,4692608561,RILEY.HEWSTON@HOLCIM.COM,,HOLCIM PARTICIPATIONS (US) INC,,,,,,,,HOLCIM LTD.,NA,
7073WMLTCH34523,MULTI-CHEM GROUP GEISMAR LA FACILITY,34523 TERMINAL CT.,GEISMAR,ASCENSION PARISH,22005,LA,70734,6,0,MULTI-CHEM GROUP GEISMAR LA FACILITY,P.O. BOX 60087,HOUSTON,TX,,,77205,C,,,43296920,HALLIBURTON ENERGY SERVICES INC,,,,,,,,,,,0,REBECCA CHANDLER,2257448064,REBECCA.CHANDLER@HALLIBURTON.COM,,HALLIBURTON ENERGY SERVICES INC,,1.10071E+11,,,,,,NA,,
7073WMTHNX4171H,METHANEX USA SERVICES LLC,4171 HWY 73,GEISMAR,ASCENSION PARISH,22005,LA,70734,6,0,METHANEX USA SERVICES LLC,4171 HWY 73,GEISMAR,LA,,,70734,C,,,,NA,0,0,,,,,,,,,0,MEG MAHONEY,2254020310,MMAHONEY@METHANEX.COM,,NA,,1.10064E+11,,,,,,METHANEX CORP,206354367,
7073WPRXRN3844R,PRAXAIR INC - PRAXAIR GEISMAR SSU PLANT,8404 RIVER RD,GEISMAR,ASCENSION PARISH,22005,LA,70734,6,0,PRAXAIR INC - PRAXAIR GEISMAR SSU PLANT,PO BOX 230,GEISMAR,LA,,,70734,C,,,197154586,PRAXAIR INC,,,,,,,,,,,0,CRAIG ROBNIK,2256735135,CRAIG_ROBNIK@PRAXAIR.COM,,PRAXAIR INC,,1.1007E+11,,,,,,,,
7073WRVRSD128HW,RIVERSIDE FRACTIONATION PLANT,10280 HIGHWAY 75,GEISMAR,ASCENSION PARISH,22005,LA,70734,6,0,RIVERSIDE FRACTIONATION PLANT,10280 HIGHWAY 75,GEISMAR,LA,,,70734,C,,,146483958,ENLINK MIDSTREAM OPERATING LP,,,,,,,,,,,0,RONALD MCCABE,4693086239,RONALD.MCCABE@ENLINK.COM,,ENLINK MIDSTREAM OPERATING LP,,,,,,,,NA,,
7073WTBNFR1324H,TEBONE FRACTIONATION PLANT,10324 HWY 75 RIVER ROAD,GEISMAR,ASCENSION PARISH,22005,LA,70734,6,0,TEBONE FRACTIONATION PLANT,10324 HWY 75 RIVER ROAD,GEISMAR,LA,,,70734,C,,,841528859,ENTERPRISE PRODUCTS OPERATING LLC,,,,,,,,,,,0,JOHN PRICE,7133816595,ENVIRONMENTAL@EPROD.COM,,,,,,,,,,NA,,
7074WZCHRY498HI,ZACHARY BATCH PLANT,498 HIGHWAY 61,JACKSON,EAST FELICIANA PARISH,22037,LA,70748,6,0,ZACHARY BATCH PLANT,PO BOX 677,OKLAHOMA CITY,OK,,,73101,C,,,NA,DOLESE BROS. CO.,,,,,,,,,,,0,THOMAS A. DUPUIS,4052978264,TDUPUIS@DOLESE.COM,,,,1.10017E+11,,,,,,,,
70752LMPLNRTE1B,ALMA PLANTATION LTD,.5 MILES S OF LA STATE HWY 416,LAKELAND,POINTE COUPEE PARISH,22077,LA,70752,6,0,ALMA PLANTATION LTD,416 ALMA RD,LAKELAND,LA,,,70752,C,,,NA,NA,323537,912327,30.6174,91.398167,5000,C2,UN,1,U,0,0,DAVID STEWART,5046276666,,,,,1.10001E+11,,,,,,,,
70760BGCJN9951C,BIG CAJUN 2,10431 CAJUN 2 RD (HWY 981),NEW ROADS,POINTE COUPEE PARISH,22077,LA,70760,6,0,BIG CAJUN 2,PO BOX 39,VENTRESS,LA,,,70783,C,,,6948178,CLECO CORPORATE HOLDINGS LLC,0,0,,,,,,,,,0,DUSTIN DUHON,2256184785,DUSTIN.DUHON@PELICANPOWER.COM,,CLECO CORPORATE HOLDINGS LLC,,1.1E+11,,,,,,NA,,
70764BFGDRRT988,POLYONE CORP,21120 WARREN ST,PLAQUEMINE,IBERVILLE PARISH,22047,LA,70764,6,0,POLYONE CORP,21120 WARREN ST,PLAQUEMINE,LA,,,70764,C,,,800967705,POLYONE CORP,301900,911330,30.3173,91.2256,20,I1,CE,1,E,1000,0,JEFF ZARZECKI,6189735146,JEFF.ZARZECKI@POLYONE.COM,,,,1.1E+11,,,,,,,,
70764BGTHRHWY1S,AIR LIQUIDE AMERICA  PLAQUEMINE ASU,57805 EVERGREEN RD,PLAQUEMINE,IBERVILLE PARISH,22047,LA,707646720,6,0,AIR LIQUIDE AMERICA  PLAQUEMINE ASU,57805 EVERGREEN RD,PLAQUEMINE,LA,,,70764-6720,C,,,NA,NA,301432,911148,30.2422,91.1967,20,I1,CE,1,E,1000,0,ROBYN S DUHE,2256854207,,,,,1.1E+11,,,,,,,,
70764DYNMCHWY11,U.S. DOE BAYOU CHOCTAW SPR - FFPO,60825-B HWY 1148,PLAQUEMINE,IBERVILLE PARISH,22047,LA,70764,6,0,U.S. DOE BAYOU CHOCTAW SPR - FFPO,850 S CLEARVIEW PKWY,NEW ORLEANS,LA,,,70123,G,,,6907190,FLUOR CORP,301858,911827,,,,,,,,,0,ROBERT SEVCIK,5047344013,BOB.SEVCIK@SPR.DOE.GOV,,FLUOR CORP,,1.10007E+11,,,,,,,,
70764LLMNXHWY40,SHINTECH PLAQUEMINE PLANT,26270 HWY 405,PLAQUEMINE,IBERVILLE PARISH,22047,LA,70764,6,0,SHINTECH PLAQUEMINE PLANT,P.O. BOX 358,ADDIS,LA,,,70710,C,,,65095390,C-K TECH INC,301543,911039,30.261944,91.1775,20,UN,UN,1,U,1010,0,TIMOTHY BERGERON,2256872105,TBERGERON@SHIN-TECH.COM,,C-K TECH INC,5620,1.10001E+11,,,,,,NA,,
70764SDBYCHWY11,U.S. DOE BAYOU CHOCTAW SPR SITE,60825-B HWY 1148,PLAQUEMINE,IBERVILLE PARISH,22047,LA,70764,6,0,U.S. DOE BAYOU CHOCTAW SPR SITE,900 COMMERCE RD E,NEW ORLEANS,LA,,,70123,F,DOE,,NA,US DEPARTMENT OF ENERGY,301858,911827,,,,,,,,,0,WILL WOODS,5047344329,WILL.WOODS@SPR.DOE.GOV,,US DEPARTMENT OF ENERGY,,1.10007E+11,,,,,,,,
70764SFTYK32655,CLEAN HARBORS PLAQUEMINE LLC,32655 GRACIE LN,PLAQUEMINE,IBERVILLE PARISH,22047,LA,70764,6,0,CLEAN HARBORS PLAQUEMINE LLC,32655 GRACIE LN,PLAQUEMINE,LA,,,70764,C,,,53976551,CLEAN HARBORS ENVIRONMENTAL SERVICES INC,301009,912107,,,,,,,,,0,LISA JO OURSO,2256592434,,,,,1.1E+11,,,,,,,,
70765GRGGLHIGHW,WESTLAKE CHEMICALS & VINYLS LLC,26100 HWY 405 S,PLAQUEMINE,IBERVILLE PARISH,22047,LA,70764,6,0,WESTLAKE CHEMICALS & VINYLS LLC,PO BOX 629,PLAQUEMINE,LA,,,70765,C,,,783918485,WESTLAKE CHEMICAL CORP,0,0,30.269444,91.18,50,UN,UN,1,U,1010,0,HILLARY GARNER,2256852632,HGARNER@WESTLAKE.COM,,,,1.10001E+11,,,,,,NA,,
70765NSXDX21255,INEOS OXIDE A DIV OF INEOS AMERICAS LLC,21255A HWY 1 S,PLAQUEMINE,IBERVILLE PARISH,22047,LA,70765,6,0,INEOS OXIDE A DIV OF INEOS AMERICAS LLC,P. O. BOX 718,PLAQUEMINE,LA,,,70764,C,,,8188117,INEOS USA LLC,0,0,,,,,,,,,0,ERIC ROBERTSON,2252423077,ERIC.ROBERTSON@INEOS.COM,,INEOS USA LLC,,1.10041E+11,,,,,,NA,,
70765THDWCHIGHW,THE DOW CHEMICAL CO - LOUISIANA OPERATIONS,21255 LA HWY 1 S,PLAQUEMINE,IBERVILLE PARISH,22047,LA,70764,6,0,THE DOW CHEMICAL CO - LOUISIANA OPERATIONS,PO BOX 150,PLAQUEMINE,LA,,,70764,C,,,1381581,DOW INC,0,0,30.3207,91.2398,20,I1,CE,1,E,1000,0,STACEY B GAUTREAU,2253534374,SBCHIASSON@DOW.COM,,DOW INC,,1.10001E+11,,,,,,NA,,
70767CHMLG2161H,CHEM-LIG INTL. IND. INC.,2161 HWY. LA 1 S.,PORT ALLEN,WEST BATON ROUGE PARISH,22121,LA,70767,6,0,CHEM-LIG INTL. IND. INC.,P.O. BOX 688,PORT ALLEN,LA,,,70767,C,,,621124072,CHEM-LIG INTL IND INC,302600,911200,30.433333,91.2,11000,UN,UN,1,U,1000,0,CHARLES J. GREGOIRE,5043870282,,,,,1.10002E+11,,,,,,,,
70767CSTRL1981S,BP LUBRICANTS USA INC,1981 S WESTPORT DR,PORT ALLEN,WEST BATON ROUGE PARISH,22121,LA,70767,6,0,BP LUBRICANTS USA INC,1981 S WESTPORT DR,PORT ALLEN,LA,,,70767,C,,,39596507,BP AMERICA INC,302625,911307,30.440161,91.218517,150,A1,PG,1,J,1000,0,BROCK HARTMAN,3617397078,BROCK.HARTMAN@BP.COM,,BP AMERICA INC,,1.1E+11,,,,,,BP P L C,210042669,
70767DSCVR3502S,BASF CORP - PORT ALLEN WO RKS,3502 S RIVERVIEW DR,PORT ALLEN,WEST BATON ROUGE PARISH,22121,LA,70767,6,0,BASF CORP - PORT ALLEN WO RKS,3502 S RIVERVIEW DR,PORT ALLEN,LA,,,70767,C,,,71014385,BASF CORP,302941,911317,30.492222,91.229167,600,UN,UN,1,U,1010,0,GRAY HUTCHISON,2253823343,GARY.HITCHISON@BASF.COM,,BASF CORP,,1.1E+11,,,,,,,,
70767NTRNT2180L,TURNER INDUSTRIES GROUP LLC,2180 LA HWY 1 S,PORT ALLEN,WEST BATON ROUGE PARISH,22121,LA,70767,6,0,TURNER INDUSTRIES GROUP LLC,PO BOX 146,PORT ALLEN,LA,,,70767,C,,,NA,TURNER INDUSTRIES GROUP LLC,0,0,,,,,,,,,0,RICHARD KELLY,2253434005,RKELLY@TURNER-INDUSTRIES.COM,,TURNER INDUSTRIES GROUP LLC,,1.10023E+11,,,,,,NA,,
70767NTRPR2220N,ENTERPRISE PRODUCTS OPERATING LLC BATON ROUGE FRACTIONATOR,2220 N RIVER RD,PORT ALLEN,WEST BATON ROUGE PARISH,22121,LA,70767,6,0,ENTERPRISE PRODUCTS OPERATING LLC BATON ROUGE FRACTIONATOR,PO BOX 4324 C/O ENV. DEPT.,HOUSTON,TX,,,77210,C,,,841528859,ENTERPRISE PRODUCTS OPERATING LLC,302854,911215,,,,,,,,,0,CHRISTOPHER THOMPSON,2252591173,CBTHOMPSON@EPROD.COM,,ENTERPRISE PRODUCTS OPERATING LLC,,1.10011E+11,,,,,,NA,,
70767PLCDR1940L,PLACID REFINING CO LLC,1940 LOUISIANA HWY 1 N,PORT ALLEN,WEST BATON ROUGE PARISH,22121,LA,70767,6,0,PLACID REFINING CO LLC,1940 LOUISIANA HWY 1 N,PORT ALLEN,LA,,,70767,C,,,,NA,0,0,30.476389,91.211111,20,UN,UN,1,U,1010,0,BARRY JOFFRION,2253870278,BARRY.JOFFRION@PLACIDREFINING.COM,,NA,,1.1E+11,,,,,,NA,,
70767RGSSP175CI,AIRGAS SPECIALITY GASES PORT ALLEN,1075 CINCLARE DR,PORT ALLEN,WEST BATON ROUGE PARISH,22121,LA,70767,6,0,AIRGAS SPECIALITY GASES PORT ALLEN,1075 CINCLARE DR,PORT ALLEN,LA,,,70767,C,,,24492860,AIRGAS SPECIALITY GASES,,,,,,,,,,,0,TONYA SUMNERS,2253822318,TONYA.SUMNERS@AIRGAS.COM,,,,1.10003E+11,,,,,,,,
70767TRDNT2660A,NALCO CO,2660 AMERICAN WAY,PORT ALLEN,WEST BATON ROUGE PARISH,22121,LA,70767,6,0,NALCO CO,2660 AMERICAN WAY,PORT ALLEN,LA,,,70767,C,,,6154611,ECOLAB INC,302500,911400,,,,,,,,,0,GRANT HEARD,2257493885,GHEARD@ECOLAB.COM,,ECOLAB INC,,1.1E+11,,,,,,NA,,
70767WSTSD3520S,WESTSIDE GALVANIZING SERVICES INC,3520 S RIVERVIEW RD,PORT ALLEN,WEST BATON ROUGE PARISH,22121,LA,70767,6,0,WESTSIDE GALVANIZING SERVICES INC,PO BOX 725,PORT ALLEN,LA,,,70767,C,,,8012148,AZZ INC,0,0,30.496667,91.225,600,UN,UN,1,U,1010,0,JASON PENCE,8178100095,JASONPENCE@AZZ.COM,,AZZ INC,,1.1E+11,,,,,,NA,,
70767XXNPR2230H,EXXONMOBIL ANCHORAGE TANK FARM,1420 LAFITON LN,PORT ALLEN,WEST BATON ROUGE PARISH,22121,LA,70767,6,0,ANCHORAGE TANK FARM (PART),PO BOX 551,BATON ROUGE,LA,,,70821,C,,,623351921,EXXON MOBIL CORP,302910,911230,30.486111,91.208333,150,UN,,1,U,1010,1,MEG MAHONEY,2252507206,MEG.MAHONEY@EXXONMOBIL.COM,,EXXON MOBIL CORP,,1.10064E+11,,,,,,,,
70769SHWCN36445,SCI FABRICATION SHOP,36445 OLD PERKINS ROAD,PRAIRIEVILLE,ASCENSION PARISH,22005,LA,70769,6,0,SCI FABRICATION SHOP,36445 OLD PERKINS ROAD,PRAIRIEVILLE,LA,,,70769,C,,,180038382,SHAW GROUP INC,301954,905914,,,,,,,,,0,KENT SHEPHERD,2256671000,,,,,1.10008E+11,,,,,,,,
7076WBLCBP21255,BLUE CUBE OPERATIONS LLC - PLAQUEMINE SITE,21255 HIGHWAY 1,PLAQUEMINE,IBERVILLE PARISH,22047,LA,70764,6,0,BLUE CUBE OPERATIONS LLC - PLAQUEMINE SITE,21935 LA-1 SOUTH,PLAQUEMINE,LA,,,70764,C,,,1338086,OLIN CORP,,,,,,,,,,,0,JACOB ERMEL,2256928496,JLERMEL@OLIN.COM,,OLIN CORP,,1.10071E+11,,,,,,NA,,
7076WCRTRN1699C,SHELL CATALYST & TECHNOLOGIES,1699 CATALYST DR.,PORT ALLEN,WEST BATON ROUGE PARISH,22121,LA,70767,6,0,SHELL CATALYST & TECHNOLOGIES,1699 CATALYST DR.,PORT ALLEN,LA,,,70767,C,,,,NA,,,,,,,,,,,0,JAMES CLINE,2252421244,JAMES.CLINE@SHELL.COM,,,,1.10044E+11,,,,,,SHELL PLC,423792808,
7076WDDPSP21255,PLAQUEMINE METHOCEL,21255 LA HIGHWAY 1 - BLOCK 45 BUILDING 4501,PLAQUEMINE,IBERVILLE PARISH,22047,LA,70764,6,0,PLAQUEMINE METHOCEL,NUTRITION & BIOSCIENCES USA 1 LLC,PLAQUEMINE,LA,,,70765,C,,,1534833,INTERNATIONAL FLAVORS & FRAGRANCES INC,,,,,,,,,,,0,PAULA HEINKEL,3328775339,MEDIA.REQUEST@IFF.COM,,INTERNATIONAL FLAVORS & FRAGRANCES INC,,1.10071E+11,,,,,,NA,,
7076WDLSBR218WA,DOW BATCH PLANT,21800 WARREN ST,PLAQUEMINE,IBERVILLE PARISH,22047,LA,70764,6,0,DOW BATCH PLANT,PO BOX 677,OKLAHOMA CITY,OK,,,73101,C,,,7189202,DOLESE BROS CO,,,,,,,,,,,0,THOMAS A. DUPUIS,4052978245,TDUPUIS@DOLESE.COM,,DOLESE BROS CO,,1.10034E+11,,,,,,,,
7076WDXCPL21255,TSRC SPECIALTY MATERIALS LLC,21255 LA HWY 1,PLAQUEMINE,IBERVILLE PARISH,22047,LA,70764,6,0,TSRC SPECIALTY MATERIALS LLC,P.O. BOX 495,PLAQUEMINE,LA,,,70764,C,,,,NA,0,0,,,,,,,,,0,CHRIS ROGERS,2253090170,CHRISTOPHER.ROGERS@TSRC-GLOBAL.COM,,NA,,1.10046E+11,,,,,,TSRC,NA,
7076WFLPMN2679H,FLOPAM INC,26790 HWY 405,PLAQUEMINE,IBERVILLE PARISH,22047,LA,70764,6,0,FLOPAM INC,26790 HWY 405,PLAQUEMINE,LA,,,70764,C,,,878930965,SNF HOLDING CO,0,0,,,,,,,,,0,DARON SUGGS,2256927440,DSUGGS@SNF.COM,,SNF HOLDING CO,,1.10042E+11,,,,,,SNF GROUP SA,284907254,
7076WNGLLC25583,ANGELLE CONCRETE PORTABLE PLANT 2,25583 HIGHWAY 405,PLAQUEMINE,IBERVILLE PARISH,22047,LA,70764,6,1,ANGELLE CONCRETE PORTABLE PLANT 2,25583 HIGHWAY 405,PLAQUEMINE,LA,,,70764,C,,,NA,ANGELLE CONCRETE GROUP LLC,,,,,,,,,,,0,CHERYL PARVINO,2252974727,CHERYL.PARVINO@ANGELLECONCRETE.COM,,,,1.10046E+11,,,,,,,,
7076WNLNKP6995B,ENLINK PROCESSING SERVICES LLC - PLAQUEMINE NGL FRACTIONATIO,60985 DERRICK RD,PLAQUEMINE,IBERVILLE PARISH,22047,LA,70764,6,0,ENLINK PROCESSING SERVICES LLC - PLAQUEMINE NGL FRACTIONATIO,60985 DERRICK RD,PLAQUEMINE,LA,,,70764,C,,,146483958,ENLINK MIDSTREAM OPERATING LP,,,,,,,,,,,0,RONALD MCCABE,4693086239,RONALD.MCCABE@ENLINK.COM,,ENLINK MIDSTREAM OPERATING LP,,,,,,,,NA,,
7076WNLNKP6995D,ENLINK LIG LIQUIDS LLC - PLAQUEMINE GAS PLANT,60995 DERRICK RD,PLAQUEMINE,IBERVILLE PARISH,22047,LA,70764,6,0,ENLINK LIG LIQUIDS LLC - PLAQUEMINE GAS PLANT,60995 DERRICK RD,PLAQUEMINE,LA,,,70764,C,,,146483958,ENLINK MIDSTREAM OPERATING LP,,,,,,,,,,,0,RONALD MCCABE,4693086239,RONALD.MCCABE@ENLINK.COM,,ENLINK MIDSTREAM OPERATING LP,,,,,,,,NA,,
7076WPRRVL38311,PRAIRIEVILLE BATCH PLANT,38311 HWY 929,PRAIRIEVILLE,EAST BATON ROUGE PARISH,22033,LA,70769,6,0,PRAIRIEVILLE BATCH PLANT,PO BOX 677,OKLAHOMA CITY,OK,,,73101,C,,,NA,DOLESE BROS CO,,,,,,,,,,,0,THOMAS DUPUIS,4052352311,TDUPUIS@DOLESE.COM,,DOLESE BROS CO,,1.10061E+11,,,,,,,,
7076WSTYLS2627H,SE TYLOSE LOUISIANA LLC,26270 HIGHWAY 405,PLAQUEMINE,IBERVILLE PARISH,22047,LA,70764,6,0,SE TYLOSE LOUISIANA LLC,P.O. BOX 298,ADDIS,LA,,,70710,C,,,78643457,SE TYLOSE USA INC,,,,,,,,,,,0,TIMOTHY BERGERON,2256872105,TBERGERON@SHIN-TECH.COM,,SE TYLOSE USA INC,5620,1.10056E+11,,,,,,NA,,
7076WTHRML2325N,AMLON PORT ALLEN LLC,2325 N LINE RD,PORT ALLEN,WEST BATON ROUGE PARISH,22121,LA,70767,6,0,AMLON PORT ALLEN LLC,2325 N LINE RD,PORT ALLEN,LA,,,70767,C,,,,NA,,,,,,,,,,,0,DARREN PERIO,2259358604,DPERIO@AMLONGROUP.COM,,NA,,1.10071E+11,,,,,,NA,,
70775JMSRVENDOF,HOOD CONTAINER OF LOUISIANA LLC - ST FRANCISVILLE MILL,2105 HWY 964,SAINT FRANCISVILLE,WEST FELICIANA PARISH,22125,LA,70775,6,0,HOOD CONTAINER OF LOUISIANA LLC - ST FRANCISVILLE MILL,2105 HWY 964,SAINT FRANCISVILLE,LA,,,70775,C,,,,NA,0,0,30.708333,91.333333,20,UN,UN,1,U,1010,0,STEVE BRIGNAC,2253362527,STEVE.BRIGNAC@HOODCONTAINER.COM,,,,1.10001E+11,,,,,,NA,,
70776BPRDC3830H,BCP INGREDIENTS INC,3830 HWY 30,SAINT GABRIEL,IBERVILLE PARISH,22047,LA,70776,6,0,BCP INGREDIENTS INC,3830 HWY 30,SAINT GABRIEL,LA,,,70776,C,,,41992728,BALCHEM CORP,0,0,,,,,,,,,0,TOD VISO,2252554889,TVISO@BALCHEM.COM,,BALCHEM CORP,2302,1.10001E+11,,,,,,NA,,
70776CBGGYRIVER,SYNGENTA CROP PROTECTION LLC SAINT GABRIEL FACILITY,3905 HIGHWAY 75,SAINT GABRIEL,IBERVILLE PARISH,22047,LA,70776,6,0,SYNGENTA CROP PROTECTION LLC SAINT GABRIEL FACILITY,PO BOX 11,SAINT GABRIEL,LA,,,70776,C,,,7994572,SYNGENTA CORP,0,0,30.244722,91.106389,50,UN,UN,1,U,1010,0,DONNA DENNIS,2256421112,DONNA.DENNIS@SYNGENTA.COM,,SYNGENTA CORP,,1.10001E+11,,,,,,NA,,
70776CBSPC4200G,NACHURS ALPINE SOLUTIONS,5100 GEIGY ACCESS RD,SAINT GABRIEL,IBERVILLE PARISH,22047,LA,70776,6,0,NACHURS ALPINE SOLUTIONS,5100 GEIGY ACCESS RD,SAINT GABRIEL,LA,,,70776,C,,,6913479,WILBUR-ELLIS CO,301443,910545,,,,,,,,,0,SCOTT GRIFFIN,2254120465,SCOTT.GRIFFIN@NACHURS-ALPINE.COM,,,451,1.1E+11,,,,,,NA,,
70776CMRCS4990B,MEXICHEM FLUOR INC,4990B ICI RD,SAINT GABRIEL,IBERVILLE PARISH,22047,LA,70776,6,0,MEXICHEM FLUOR INC,PO BOX 30,SAINT GABRIEL,LA,,,70776,C,,,,NA,0,0,30.237222,91.098889,11000,UN,UN,1,U,1000,0,SEAN CUNNINGHAM,2256420094,SEAN.CUNNINGHAM@ORBIA.COM,,NA,235,1.10044E+11,,,,,,NA,,
70776CMRCSRIVER,ZENECA AG PRODS. INC.,4990 A ICI RD.,SAINT GABRIEL,IBERVILLE PARISH,22047,LA,70776,6,0,ZENECA AG PRODS. INC.,P.O. BOX 586,SAINT GABRIEL,LA,,,70776,C,,,116837647,ZENECA AG PRODS INC,301414,910556,30.237222,91.098889,50,UN,UN,1,U,1010,0,MICHAEL J. MAHER,2256422200,,,,,1.1E+11,,,,,,,,
70776DLTDS7200H,BRENNTAG SOUTHWEST INC ST GABRIEL,7200 HIGHWAY 74,SAINT GABRIEL,IBERVILLE PARISH,22047,LA,70776,6,0,BRENNTAG SOUTHWEST INC ST GABRIEL,206 E MORROW RD,SAND SPRINGS,OK,,,74063,C,,,145865148,BRENNTAG N.A. INC,0,0,,,,,,,,,0,ROBERT STECKLER,2819484443,ROBERT.STECKLER@BRENNTAG.COM,,,,1.10001E+11,,,,,,NA,,
70776GRFBRHWY30,DELTA COS GROUP ST GABRIEL,3950 HIGHWAY 30,SAINT GABRIEL,IBERVILLE PARISH,22047,LA,70776,6,0,DELTA COS GROUP ST GABRIEL,3950 HIGHWAY 30,SAINT GABRIEL,LA,,,70776,C,,,137884672,GREIF INC,0,0,30.241389,91.083333,11000,UN,UN,1,U,1000,0,CHRISTI NELSON,2256422577,CHRISTI.NELSON@GREIF.COM,,GREIF INC,105,1.10001E+11,,,,,,NA,,
70776HMSTD4250H,OHMSTEDE LTD,4250 HWY 30,SAINT GABRIEL,IBERVILLE PARISH,22047,LA,70776,6,0,OHMSTEDE LTD,PO BOX 76,SAINT GABRIEL,LA,,,70776,C,,,NA,EMCOR GROUP INC,0,0,,,,,,,,,0,JOHN MARCOTTE,4098336375,JMARCOTTE@OHMSTEDE.NET,,EMCOR GROUP INC,,1.10001E+11,,,,,,,,
70776HRCRS3920H,HARCROS CHEMICALS INC,3920 HIGHWAY 30,SAINT GABRIEL,IBERVILLE PARISH,22047,LA,70776,6,0,HARCROS CHEMICALS INC,3920 HIGHWAY 30,SAINT GABRIEL,LA,,,70776,C,,,194128765,HARCROS CHEMICALS INC,0,0,,,,,,,,,0,VINAY NAIR,8137435523,VINAY.NAIR@HARCROS.COM,,HARCROS CHEMICALS INC,,1.10057E+11,,,,,,NA,,
70776NTRGY2605H,ENTERGY WILLOW GLEN PLANT,2605 HWY 75,SAINT GABRIEL,IBERVILLE PARISH,22047,LA,70776,6,0,ENTERGY SERVICES INC.,10055 GROGAN'S MILL RD,THE WOODLANDS,TX,,,77380,C,,,6947717,ENTERGY CORP,301624,910731,,,,,,,,,0,JILL ELIZABETH SMITH,2812973323,JSMIT43@ENTERGY.COM,,,,1.10002E+11,,,,,,,,
70776PLNTM365DE,THORPE PLANT SERVICES INC,3605 DELTA DR,SAINT GABRIEL,IBERVILLE PARISH,22047,LA,70776,6,0,THORPE PLANT SERVICES INC,6833 KIRBYVILLE STREET,HOUSTON,TX,,,77033,C,,,117373076,KLH CAPITAL,0,0,,,,,,,,,0,PAR BENNSTORM,2512092275,PAR.BENNSTROM@THORPEPME.COM,,,,1.10058E+11,,,,,,NA,,
70776RPRDCHIGHW,TAMINCO US LLC,3790 LA HWY 30,SAINT GABRIEL,IBERVILLE PARISH,22047,LA,70776,6,0,TAMINCO US LLC,PO BOX 1,SAINT GABRIEL,LA,,,70776,C,,,808898381,EASTMAN CHEMICAL CO,301505,910534,30.251389,91.092778,20,UN,UN,1,U,1010,0,CHRIS HERNANDEZ,2256423181,CHRISTOPHERHERNANDEZ@EASTMAN.COM,,EASTMAN CHEMICAL CO,,1.10057E+11,,,,,,NA,,
70776STFFRRIVER,PIONEER AMERICAS LLC (DBA OLIN CHLOR ALKALI PRODUCTS),4205 HWY 75,SAINT GABRIEL,IBERVILLE PARISH,22047,LA,70776,6,0,PIONEER AMERICAS LLC (DBA OLIN CHLOR ALKALI PRODUCTS),PO BOX 23,SAINT GABRIEL,LA,,,70776,C,,,1338086,OLIN CORP,0,0,30.2575,91.095833,50,UN,UN,1,U,1010,0,AMANDA DEAVER,2257163373,AMDEAVER@OLIN.COM,,OLIN CORP,,1.10057E+11,,,,,,NA,,
7077WLTVCR425HI,BRENNTAG SOUTHWEST INC SGBP,4205 HIGHWAY 75,SAINT GABRIEL,IBERVILLE PARISH,22047,LA,70776,6,1,BRENNTAG SOUTHWEST INC SGBP,206 EAST MORROW ROAD,SAND SPRINGS,OK,,,74063,C,,,145865148,BRENNTAG N.A. INC,0,0,,,,,,,,,0,CHRIS ISAACS,3174434104,CISAACS@BRENNTAG.COM,,BRENNTAG NORTH AMERICA INC,,1.10055E+11,,,,,,,,
7077WTRYMN355CY,TROY MANUFACTURING,3505 CYPRESS AVE,SAINT GABRIEL,IBERVILLE PARISH,22047,LA,70776,6,0,TROY MANUFACTURING,3505 CYPRESS AVE,SAINT GABRIEL,LA,,,70776,C,,,4198617,TROY MANUFACTURING,,,,,,,,,,,0,THOMAS L. TIETJEN,9528871890,TOM.TIETJEN@XERXES.COM,,XERXES CORP,,1.10003E+11,,,,,,,,
70788CRTXSPOBOX,CORA TEXAS MANUFACTURING CO INC,32505 HWY 1,WHITE CASTLE,IBERVILLE PARISH,22047,LA,70788,6,0,CORA TEXAS MANUFACTURING CO INC,PO BOX 280,WHITE CASTLE,LA,,,70788,C,,,NA,NA,301010,910815,30.169444,91.1375,11000,UN,UN,1,U,1000,0,MEL SCHUDMAK,5045453679,,,,,1.10001E+11,,,,,,,,
70791GRGPCZACHA,GEORGIA-PACIFIC PORT HUDSON LLC,1000 W MOUNT PLEASANT RD,ZACHARY,EAST BATON ROUGE PARISH,22033,LA,70791,6,0,GEORGIA-PACIFIC PORT HUDSON LLC,PO BOX 430,ZACHARY,LA,,,70791,C,,,6944334,KOCH INDUSTRIES INC,0,0,30.654722,91.28,20,UN,UN,1,U,1010,0,POWELL MILLARD,2256541700,POWELL.MILLARD@GAPAC.COM,,KOCH INDUSTRIES INC,,1.10012E+11,,,,,,NA,,
70791GRNTCHWY61,BASF CORP,111 W IRENE RD,ZACHARY,EAST BATON ROUGE PARISH,22033,LA,70791,6,0,BASF CORP,111 W IRENE RD,ZACHARY,LA,,,70791,C,,,71014385,BASF CORP,303642,911351,30.611667,91.2325,80,UN,UN,1,U,1010,0,NATALIE BICKHAM,2256546801,NATALIE.BICKHAM@BASF.COM,,BASF CORP,,1.1E+11,,,,,,,,
70791MTCHS18585,US COMPOSITE PIPE SOUTH,18585 SAMUELS RD,ZACHARY,EAST BATON ROUGE PARISH,22033,LA,70791,6,0,US COMPOSITE PIPE SOUTH,18585 SAMUELS RD,ZACHARY,LA,,,70791,C,,,NA,KEN THOMPSON INC (KTI),303745,911429,,,,,,,,,0,MARIO A. OLMOS,8174716390,MOLMOS@THOMPSONPIPEGROUP.COM,,KEN THOMPSON INC (KTI),,1.10013E+11,,,,,,,,
70791SPCLTWENDE,SPECIALTY MINERALS INC,W END OF MOUNT PLEASANT RD,ZACHARY,EAST BATON ROUGE PARISH,22033,LA,707911098,6,0,SPECIALTY MINERALS INC,PO BOX 1098,EASTOVER,SC,,,29044-1098,C,,,796929313,MINERALS TECHNOLOGIES INC,303857,911702,30.649167,91.283889,11000,UN,UN,1,U,1000,0,SHELDON PRESSER,5046548027,,,,,1.10002E+11,,,,,,,,
70792GRCCHEASTB,MOSAIC FERTILIZER LLC UNCLE SAM PLANT,7250 HWY 44,UNCLE SAM,ST. JAMES PARISH,22093,LA,70792,6,0,MOSAIC FERTILIZER LLC UNCLE SAM PLANT,7250 HWY 44,UNCLE SAM,LA,,,70792,C,,,169110165,THE MOSAIC CO,0,0,30.0419,90.815,20,I1,CE,1,E,1000,0,BRANDON KELLER,2254744053,BRANDON.KELLER@MOSAICCO.COM,,THE MOSAIC CO,,1.10006E+11,,,,,,NA,,
7079WGRTST1955S,SOUTH ATLANTIC GALVANIZING,19550 SALVANT ROAD,ZACHARY,EAST BATON ROUGE PARISH,22033,LA,70791,6,0,SOUTH ATLANTIC GALVANIZING,P.O. BOX 458,ZACHARY,LA,,,70791,C,,,,NA,0,0,,,,,,,,,0,DAVID MOLEY,9103321900,DMOLEY@SOUTHATLANTICLLC.COM,,,,1.10045E+11,,,,,,NA,,
7079WHLCMSSALVA,HOLCIM-SOR INC. - ZACHARY,SALVANT RD,ZACHARY,EAST BATON ROUGE PARISH,22033,LA,70791,6,0,HOLCIM-SOR INC. - ZACHARY,15900 DOOLEY ROAD,ADDISON,TX,,,75001,C,,,81260273,HOLCIM PARTICIPATIONS (US),,,,,,,,,,,0,RILEY KIRBY,4692608561,RILEY.HEWSTON@HOLCIM.COM,,HOLCIM PARTICIPATIONS (US) INC,,,,,,,,,,
7079WPRTHD716PR,PORT HUDSON TERMINAL,716 PORT HUDSON CEMETERY RD,ZACHARY,EAST BATON ROUGE PARISH,22033,LA,70791,6,0,PORT HUDSON TERMINAL,811 LOUISIANA STE 1200,HOUSTON,TX,,,77002,C,,,962965406,GENESIS ENERGY LP,,,,,,,,,,,0,KRISTI UNZICKER,7138602606,KRISTI.UNZICKER@GENLP.COM,,GENESIS ENERGY LP,,1.10041E+11,,,,,,NA,,
70802STHRN1145N,SOUTHERN IONICS INC.,1145 NEOSHO AVE.,BATON ROUGE,EAST BATON ROUGE PARISH,22033,LA,70802,6,0,SOUTHERN IONICS INC.,1145 NEOSHO AVE.,BATON ROUGE,LA,,,70802,C,,,49109440,SOUTHERN IONICS INC,302810,911042,30.469444,91.178333,150,UN,UN,1,U,1010,0,LEE HISEY,5043369164,,,,,1.10001E+11,,,,,,,,
70805CPTLS2655N,CMC STEEL FABRICATORS INC. DBA CMC CAPITOL STEEL,1235 CENTER POINTE DR,BATON ROUGE,EAST BATON ROUGE PARISH,22033,LA,70819,6,1,CMC STEEL FABRICATORS INC. DBA CMC CAPITOL STEEL,1235 CENTER POINTE DR,BATON ROUGE,LA,,,70819,C,,,7925845,COMMERCIAL METALS CO,302816,910816,,,,,,,,,0,JIM RICHARDSON,2253564631,JIM.RICHARDSON@CMC.COM,,,,1.10009E+11,,,,,,,,
70805FRMSPGULFS,FORMOSA PLASTICS CORP LOUISIANA,GULF STATES RD,BATON ROUGE,EAST BATON ROUGE PARISH,22033,LA,70805,6,0,FORMOSA PLASTICS CORP LOUISIANA,PO BOX 271,BATON ROUGE,LA,,,70805,C,,,39944004,FORMOSA PLASTICS CORP USA,0,0,30.5,91.188889,50,UN,UN,1,U,1010,0,BRANDON BENCAZ,2253568633,BBENCAZ@FLBR.FPCUSA.COM,,FORMOSA PLASTICS CORP USA,,1.10001E+11,,,,,,FORMOSA PLASTICS CORP,656008653,
70805LBMRLGULFS,ALBEMARLE CORP,1201 GULF STATES RD,BATON ROUGE,EAST BATON ROUGE PARISH,22033,LA,70805,6,0,ALBEMARLE CORP,1201 GULF STATES RD,BATON ROUGE,LA,,,70805,C,,,825080096,ALBEMARLE CORP,0,0,30.494444,91.180556,11000,UN,UN,1,U,1000,0,BOYD OURSO,2253887276,BOYD.OURSO@ALBEMARLE.COM,,ALBEMARLE CORP,,1.10001E+11,,,,,,NA,,
70805LLDSGCORNE,HONEYWELL INTERNATIONAL INC-BATON ROUGE PLANT,CORNER OF LUPINE & ONTARIO STREETS,BATON ROUGE,EAST BATON ROUGE PARISH,22033,LA,70805,6,0,,,,,,,,C,,,139691877,HONEYWELL INTERNATIONAL INC,0,0,30.472222,91.193056,20,UN,UN,1,U,1010,0,MIKE HOCKEY,8322854993,MIKE.HOCKEY@HONEYWELL.COM,,HONEYWELL INTERNATIONAL INC,,1.10003E+11,,,,,,NA,,
70805LRCHCAIRLI,UOP LLC BATON ROUGE PLANT,1200 AIRLINE HWY,BATON ROUGE,EAST BATON ROUGE PARISH,22033,LA,70805,6,0,UOP LLC BATON ROUGE PLANT,1200 AIRLINE HWY,BATON ROUGE,LA,,,70805,C,,,139691877,HONEYWELL INTERNATIONAL INC,303125,911109,30.523611,91.185833,50,UN,UN,1,U,1010,0,MIKE HOCKEY,8322854933,MIKE.HOCKEY@HONEYWELL.COM,,HONEYWELL INTERNATIONAL INC,,1.10016E+11,,,,,,NA,,
70805SHLND11109,NEXEO SOLUTIONS LLC,11109 S CHOCTAW DR,BATON ROUGE,EAST BATON ROUGE PARISH,22033,LA,70815,6,1,NEXEO SOLUTIONS LLC,3 WATERWAY SQUARE PL #1000,THE WOODLANDS,TX,,,77380,C,,,78346156,NEXEO SOLUTIONS HOLDINGS LLC,302824,910333,,,,,,,,,0,DAN HEINTZ,2812970696,DHEINTZ@NEXEOSOLUTIONS.COM,,TPG CAPITAL,,1.1E+11,,,,,,,,
70805THYLPGULFS,ETHYL CORP. BATON ROUGE PLANT,GULF STATES RD.,BATON ROUGE,EAST BATON ROUGE PARISH,22033,LA,70805,6,0,ETHYL CORP. BATON ROUGE PLANT,P. O. BOX 341,BATON ROUGE,LA,,,70821-0341,C,,,3132222,ETHYL CORP,302940,911050,30.494444,91.180556,20,UN,UN,1,U,1010,0,JOHN W. STREET,5043592756,,,,,1.10001E+11,,,,,,,,
70805XXNBT4050S,EXXONMOBIL BATON ROUGE REFINERY (PART),4045 SCENIC HWY,BATON ROUGE,EAST BATON ROUGE PARISH,22033,LA,70805,6,0,EXXONMOBIL BATON ROUGE REFINERY (PART),PO BOX 551,BATON ROUGE,LA,,,70821,C,,,1213214,EXXON MOBIL CORP,0,0,30.486111,91.170833,50,UN,,1,U,1010,1,MEG MAHONEY,2252507206,MEG.MAHONEY@EXXONMOBIL.COM,,EXXON MOBIL CORP,,1.10044E+11,,,,,,,,
70805XXNCH4999S,EXXONMOBIL BATON ROUGE CHEMICAL PLANT (PART),4999 SCENIC HWY,BATON ROUGE,EAST BATON ROUGE PARISH,22033,LA,70805,6,0,EXXONMOBIL BATON ROUGE CHEMICAL PLANT (PART),PO BOX 241,BATON ROUGE,LA,,,70821,C,,,1213214,EXXON MOBIL CORP,0,0,30.4968,91.1733,20,I1,,1,E,1000,1,MEG MAHONEY,2252507206,MEG.MAHONEY@EXXONMOBIL.COM,,EXXON MOBIL CORP,,1.1E+11,,,,,,,,
70806BRDNN4743F,BORDEN INC. DAIRY DIV.,4743 FLORIDA BLVD.,BATON ROUGE,EAST BATON ROUGE PARISH,22033,LA,708064032,6,0,BORDEN INC. DAIRY DIV.,P.O. BOX 66257,BATON ROUGE,LA,,,70896-6257,C,,,55350607,BORDEN INC,302704,910831,30.451111,91.141944,500,UN,UN,1,U,1010,0,KEVIN HINDMAN,5049267130,,,,,1.10001E+11,,,,,,,,
70806LMRGR1986B,LAMAR GRAPHICS,1986 BEAUMONT DR,BATON ROUGE,EAST BATON ROUGE PARISH,22033,LA,70806,6,0,LAMAR GRAPHICS,1986 BEAUMONT DR,BATON ROUGE,LA,,,70806,C,,,69536118,LAMAR ADVERTISING,302802,910634,,,,,,,,,0,RACHEL TEMPANARO,2259233113,,,,,1.10001E+11,,,,,,,,
70807BYCTN12710,STUPP COATINGS LLC,12710 LEISURE RD,BATON ROUGE,EAST BATON ROUGE PARISH,22033,LA,70807,6,1,STUPP COATINGS LLC,12710 LEISURE RD,BATON ROUGE,LA,,,70807,C,,,6299853,STUPP BROTHERS INC,303355,911105,30.565278,91.184722,11000,UN,UN,1,U,1000,0,PATRICK SHEA,2817317619,PSHEA@STUPP.COM,,STUPP BROTHERS INC,,1.1E+11,,,,,,,,
70807GRTLK2200B,OXBOW CALCINING LLC,2200 BROOKLAWN DR,BATON ROUGE,EAST BATON ROUGE PARISH,22033,LA,70807,6,0,OXBOW CALCINING LLC,2200 BROOKLAWN DR,BATON ROUGE,LA,,,70807,C,,,190590760,OXBOW CARBON & MINERALS HOLDINGS INC.,303501,911426,,,,,,,,,0,"ZORABEL M. LEJEUNE, PH.D.",2253603202,ZORABEL.LEJEUNE@OXBOW.COM,,,,1.10003E+11,,,,,,NA,,
70807GRWTM453SP,PPG BATON ROUGE,453 SPRINGFIELD RD,BATON ROUGE,EAST BATON ROUGE PARISH,22033,LA,70807,6,1,PPG BATON ROUGE,453 SPRINGFIELD RD,BATON ROUGE,LA,,,70807,C,,,1344803,PPG INDUSTRIES INC,303441,911257,,,,,,,,,0,,,Ryan.Barker@univarsolutions.com,,,,1.10042E+11,,,,,,,,
70807HCHST11911,DELTECH MONOMERS OPCO LLC,11911 SCENIC HWY,BATON ROUGE,EAST BATON ROUGE PARISH,22033,LA,70807,6,0,DELTECH MONOMERS OPCO LLC,11911 SCENIC HWY,BATON ROUGE,LA,,,70807,C,,,,NA,303248,911240,30.546667,91.211111,50,UN,UN,1,U,1010,0,STEPHEN ISAACS,2257750150,SISAACS@DELTECH.COM,,,,1.1E+11,,,,,,NA,,
70807LCHMN12537,LE CHEM INC.,12537 SCENIC HWY.,BATON ROUGE,EAST BATON ROUGE PARISH,22033,LA,708071330,6,1,LE CHEM INC.,P.O. BOX 82727,BATON ROUGE,LA,,,70884,C,,,NA,NA,303320,911230,30.555556,91.208333,20,UN,UN,1,U,1010,0,JAMES M. MERIWETHER,5047751801,,,,,1.10002E+11,,,,,,,,
70807LLDSG12875,EXXONMOBIL CHEMICAL CO BATON ROUGE POLYOLEFINS PLANT,12875 SCENIC HWY,BATON ROUGE,EAST BATON ROUGE PARISH,22033,LA,70807,6,0,EXXONMOBIL CHEMICAL CO BATON ROUGE POLYOLEFINS PLANT,POST OFFICE BOX 53006,BATON ROUGE,LA,,,70892,C,,,1213214,EXXON MOBIL CORP,303330,911225,30.5612,91.2063,20,I1,CE,1,E,1000,0,GEORGE JONES,2255409029,GEORGE.W.JONES@EXXONMOBIL.COM,,EXXON MOBIL CORP,,1.1E+11,,,,,,NA,,
70807NXCRT1400M,NOX-CRETE OF LOUISIANA INC.,1400 MENGEL RD.,BATON ROUGE,EAST BATON ROUGE PARISH,22033,LA,70807,6,1,NOX-CRETE OF LOUISIANA INC.,1400 MENGEL RD.,BATON ROUGE,LA,,,70807,C,,,7284128,NOX-CRETE INC,240800,875900,30.513611,91.182043,150,A1,PG,1,J,1000,0,DUANE JENSEN,4023412080,,,,,1.10002E+11,,,,,,,,
70807PTRSN1100M,DRISCOLL MANAGEMENT LLC,1100 MENGEL RD,BATON ROUGE,EAST BATON ROUGE PARISH,22033,LA,70807,6,0,DRISCOLL MANAGEMENT LLC,1100 MENGEL RD,BATON ROUGE,LA,,,70807,C,,,NA,NA,303040,911045,30.511111,91.179167,500,UN,UN,1,U,1010,0,JIM STROUHAL,2814268840,,,,,1.1E+11,,,,,,,,
70807SFTYK13351,CLEAN HARBORS BATON ROUGE LLC,13351 SCENIC HWY,BATON ROUGE,EAST BATON ROUGE PARISH,22033,LA,70807,6,0,CLEAN HARBORS BATON ROUGE LLC,13351 SCENIC HWY,BATON ROUGE,LA,,,70807,C,,,157793639,CLEAN HARBORS INC,303402,911226,,,,,,,,,0,WILLIAM CLARK,2257783570,CLARKWJ@CLEANHARBORS.COM,,CLEAN HARBORS INC,,1.1E+11,,,,,,NA,,
70807XXNCH11675,EXXON MOBIL CORP - BATON ROUGE PLASTICS PLANT,11675 SCOTLAND AVE,BATON ROUGE,EAST BATON ROUGE PARISH,22033,LA,70807,6,0,EXXON MOBIL CORP - BATON ROUGE PLASTICS PLANT,POST OFFICE BOX 1607,BATON ROUGE,LA,,,70821,C,,,1213214,EXXON MOBIL CORP,303312,911042,30.553333,91.178333,50,UN,UN,1,U,1010,0,SCOTT VILLAR,2255409024,SCOTT.A.VILLAR@EXXONMOBIL.COM,,EXXON MOBIL CORP,,1.10013E+11,,,,,,NA,,
70807XXNCH12480,EXXON MOBIL CORP - BATON ROUGE RESIN FINISHING PLANT,12480 SCENIC HWY,BATON ROUGE,EAST BATON ROUGE PARISH,22033,LA,70807,6,0,EXXON MOBIL CORP - BATON ROUGE RESIN FINISHING PLANT,12480 SCENIC HWY,BATON ROUGE,LA,,,70807,C,,,1213214,EXXON MOBIL CORP,303326,911151,30.557222,91.1975,20,UN,UN,1,U,1010,0,SCOTT VILLAR,2255409024,SCOTT.A.VILLAR@EXXONMOBIL.COM,,EXXON MOBIL CORP,,1.1E+11,,,,,,NA,,
70809GLFCS10000,BATON ROUGE COCA-COLA BOTTLING CO,10000 DAWNADELE AVE,BATON ROUGE,EAST BATON ROUGE PARISH,22033,LA,708092586,6,0,BATON ROUGE COCA-COLA BOTTLING CO,10000 DAWNADELE AVE,BATON ROUGE,LA,,,70809-2586,C,,,NA,COCA-COLA BOTTLING CO  UNITED INC,302509,910424,30.419167,91.073333,150,UN,UN,1,U,1010,0,GARY SLIGAR,5042932570,,,,,1.1E+11,,,,,,,,
7080WBSTBL4747C,BEST BLOCK - SOUTHLAND BLOCK,4747 CHOCTAW DR,BATON ROUGE,EAST BATON ROUGE PARISH,22033,LA,70805,6,0,BEST BLOCK - SOUTHLAND BLOCK,4747 CHOCTAW DR,BATON ROUGE,LA,,,70805,C,,,,NA,,,,,,,,,,,0,JOE GORSKI,4046349100,JOE.GORSKI@QUIKRETE.COM,,QUIKRETE HOLDINGS,4112,,,,,,,,,
7080WBTNRG1261S,BARRIERE CONSTRUCTION CO LLC - BATON ROUGE ASPHALT PLA,12601 SCENIC HWY,BATON ROUGE,EAST BATON ROUGE PARISH,22033,LA,70807,6,0,BARRIERE CONSTRUCTION CO LLC - BATON ROUGE ASPHALT PLA,12601 SCENIC HWY,BATON ROUGE,LA,,,70807,C,,,,NA,,,,,,,,,,,0,KASEY ARABIE,5045817282,KASEYL@BARRIERE.COM,,,,1.10071E+11,,,,,,NA,,
7080WCHCTW1335C,CHOCTAW BATCH PLANT,1335 CHOCTAW DR,BATON ROUGE,EAST BATON ROUGE PARISH,22033,LA,70805,6,0,CHOCTAW BATCH PLANT,PO BOX 677,OKLAHOMA CITY,OK,,,73101,C,,,7189202,DOLESE BROS CO,,,,,,,,,,,0,THOMAS A. DUPUIS,4052978245,TDUPUIS@DOLESE.COM,,DOLESE BROS CO,,1.10009E+11,,,,,,,,
7080WCSRVC131AI,ECO-SERVICES OPERATIONS,1301 AIRLINE HWY,BATON ROUGE,EAST BATON ROUGE PARISH,22033,LA,70805,6,0,ECO-SERVICES OPERATIONS,1301 AIRLINE HWY,BATON ROUGE,LA,,,70805,C,,,118206537,ECOVYST CATALYST TECHNOLOGIES LLC,,,,,,,,,,,0,JOHN RICHARDSON,2253593768,JOHN.RICHARDSON@ECO-SERVICES.COM,,,,1.10063E+11,,,,,,NA,,
7080WHLCMS5379A,HOLCIM-SOR INC.-CHOCTAW,5379 ADAMS AVE,BATON ROUGE,EAST BATON ROUGE PARISH,22033,LA,70806,6,0,HOLCIM-SOR INC.-CHOCTAW,15900 DOOLEY ROAD,ADDISON,TX,,,75001,C,,,81260273,HOLCIM PARTICIPATIONS (US) INC,,,,,,,,,,,0,RILEY KIRBY,4692608561,RILEY.HEWSTON@HOLCIM.COM,,HOLCIM PARTICIPATIONS (US) INC,,,,,,,,HOLCIM LTD.,NA,
7080WPRTBL9999B,PORTABLE READY MIX #130,9999 B REIGER,BATON ROUGE,EAST BATON ROUGE PARISH,22033,LA,70809,6,1,PORTABLE READY MIX #130,1503 LBJ FWY SUITE 400 (ATTN ENV. DEPT.),DALLAS,TX,,,75234,C,,,809750912,MARTIN MARIETTA MATERIALS INC,,,,,,,,,,,0,DAVID PERKINS,9726473911,DAVID.PERKINS@MARTINMARIETTA.COM,,,,1.10065E+11,,,,,,,,
7080WRPRDC2GULF,AIR PRODUCTS-BATON ROUGE SMR,2 GULF STATES UTILITY RD,BATON ROUGE,EAST BATON ROUGE PARISH,22033,LA,70805,6,0,AIR PRODUCTS-BATON ROUGE SMR,P.O. BOX 52709,BATON ROUGE,LA,,,70892,C,,,3001070,AIR PRODUCTS & CHEMICALS INC,0,0,,,,,,,,,0,DARRELL W. SERRETT JR.,2256775678,SERRETDW@AIRPRODUCTS.COM,,AIR PRODUCTS & CHEMICALS INC,,1.10042E+11,,,,,,NA,,
7080WSNCST925WB,SUN COAST RESOURCES INC,9250 WILBUR ST,BATON ROUGE,EAST BATON ROUGE PARISH,22033,LA,70807,6,0,SUN COAST RESOURCES INC,9250 WILBUR ST,BATON ROUGE,LA,,,70807,C,,,,NA,,,,,,,,,,,0,TESSAH CHAPPELOW,3177606163,TESSAH.CHAPPELOW@RELADYNE.COM,,,,,,,,,,NA,,
7080WWRGRC121GU,W. R. GRACE & CO - CONN,1201 GULF STATES UTILITY ROAD,BATON ROUGE,EAST BATON ROUGE PARISH,22033,LA,70805,6,0,W. R. GRACE & CO - CONN,1201 GULF STATES UTILITY ROAD,BATON ROUGE,LA,,,70805,C,,,1367846,W R GRACE & CO,,,,,,,,,,,0,WEI DENG,2253592021,WEI.DENG@GRACE.COM,,W R GRACE & CO,,1.10071E+11,,,,,,NA,,
70810DSPCL15915,FUTURE PIPE INDUSTRIES,15915 PERKINS RD,BATON ROUGE,EAST BATON ROUGE PARISH,22033,LA,70810,6,0,FUTURE PIPE INDUSTRIES,PO BOX 83277,BATON ROUGE,LA,,UNITED STATES,70884,C,,,148758712,FUTURE PIPE INDUSTRIES,302126,910245,,,,,,,,,0,ANDREW FINN,2257522705,,,FUTURE PIPE INDUSTRIES,,1.10009E+11,,,,,,NA,,
70815DNLLB11150,DANELL BATTERY MANUFACTURING CO,11150 SOUTH CHOCTAW DR,BATON ROUGE,EAST BATON ROUGE PARISH,22033,LA,70815,6,0,DANELL BATTERY MANUFACTURING CO,11150 SOUTH CHOCTAW DR,BATON ROUGE,LA,,,70815,C,,,NA,NA,302815,910354,30.470833,91.065,150,UN,UN,1,U,1010,0,PAUL TAYLOR,2257753066,,,,,1.10001E+11,,,,,,,,
70815GLFWN8325S,GULF WANDES,8325 S CHOCTAW,BATON ROUGE,EAST BATON ROUGE PARISH,22033,LA,70815,6,0,GULF WANDES,8325 S CHOCTAW,BATON ROUGE,LA,,,70815,C,,,NA,NA,302822,910601,,,,,,,,,0,DREW RISPONE,2259271920,,,,,1.10003E+11,,,,,,,,
70818BHRNS11212,BEHRENS REPACKERS,11212 HOOPER RD,BATON ROUGE,EAST BATON ROUGE PARISH,22033,LA,70818,6,0,BEHRENS REPACKERS,9420 W POMONA DR,BATON ROUGE,LA,,,70815,C,,,NA,NA,910100,303230,30.5449,91.0584,150,A1,PG,1,J,1000,0,A K BEHRNES,5049243957,,,,,1.10001E+11,,,,,,,,
70819CMCST1235C,CMC STEEL FABRICATORS INC DBA CMC CAPITOL STEEL,1235 CENTERPOINTE DR,BATON ROUGE,EAST BATON ROUGE PARISH,22033,LA,70819,6,0,,,,,,,,C,,,7925845,COMMERCIAL METALS CO,,,,,,,,,,,0,RYAN BANKS,8327998724,RYAN.BANKS@CMC.COM,,COMMERCIAL METALS CO,,1.10042E+11,,,,,,NA,,
7081WHLCMS15473,HOLCIM-SOR INC. - PECUE,15473 OLD PERKINS RD W,BATON ROUGE,EAST BATON ROUGE PARISH,22033,LA,70810,6,0,HOLCIM-SOR INC. - PECUE,15900 DOOLEY ROAD,ADDISON,TX,,,75001,C,,,81260273,HOLCIM PARTICIPATIONS (US) INC,,,,,,,,,,,0,RILEY KIRBY,4692608561,RILEY.HEWSTON@HOLCIM.COM,,HOLCIM PARTICIPATIONS (US) INC,,,,,,,,HOLCIM LTD.,NA,
7081WHLCMS9939G,HOLCIM-SOR INC.-GREENWELL SPRINGS,9939 GREENWELL SPRINGS RD,BATON ROUGE,EAST BATON ROUGE PARISH,22033,LA,70814,6,0,HOLCIM-SOR INC.-GREENWELL SPRINGS,15900 DOOLEY ROAD,ADDISON,TX,,,75001,C,,,81260273,HOLCIM PARTICIPATIONS (US),,,,,,,,,,,0,RILEY KIRBY,4692608561,RILEY.HEWSTON@HOLCIM.COM,,HOLCIM PARTICIPATIONS (US) INC,,,,,,,,,,
7081WSTHCH886SU,SOUTH CHOCTAW BATCH PLANT,8806 S CHOCTAW DR,BATON ROUGE,EAST BATON ROUGE PARISH,22033,LA,70815,6,0,SOUTH CHOCTAW BATCH PLANT,PO BOX 677,OKLAHOMA CITY,OK,,,73101,C,,,NA,DOLESE BROS CO,,,,,,,,,,,0,THOMAS DUPUIS,4052352311,TDUPUIS@DOLESE.COM,,DOLESE BROS CO,,1.10055E+11,,,,,,,,
70821CPLYM5955S,EXXONMOBIL BATON ROUGE CHEMICAL PLANT NORTH,1836 SHADA AVE,BATON ROUGE,EAST BATON ROUGE PARISH,22033,LA,70805,6,0,EAST WEST COPOLYMER LLC,5955 SCENIC HIGHWAY,BATON ROUGE,LA,,,70805,C,,,NA,EAST WEST COPOLYMER & RUBBER LLC,0,0,30.501111,91.1725,50,UN,,1,U,1010,1,MEG MAHONEY,2252507206,MEG.MAHONEY@EXXONMOBIL.COM,,EXXON MOBIL CORP,,1.1E+11,,,,,,,,
70821STFFRAIRLI,SOLVAY USA INC,1275 AIRLINE HWY,BATON ROUGE,EAST BATON ROUGE PARISH,22033,LA,70805,6,0,SOLVAY USA INC,1275 AIRLINE HWY,BATON ROUGE,LA,,,70805,C,,,372787070,SYENSQO SA,303228,911115,30.509444,91.186111,50,UN,UN,1,U,1010,0,NATHAN KRAEMER,2253593882,NATHAN.KRAEMER@SYENSQO.COM,,,,1.1E+11,,,,,,SYENSQO SA,372787070,
70821STPPCPOBOX,STUPP CORP,12555 RONALDSON RD,BATON ROUGE,EAST BATON ROUGE PARISH,22033,LA,70807,6,1,STUPP CORP,12555 RONALDSON RD,BATON ROUGE,LA,,,70807,C,,,6299853,STUPP BROTHERS INC,303307,911107,30.551944,91.185278,20,UN,UN,1,U,1010,0,MICHAEL THORNHILL,2257786596,MTHORNHILL@STUPP.COM,,STUPP BROTHERS INC,,1.1E+11,,,,,,,,
70821TRNTY6012S,TRINITY MARINE BATON ROUGE,6012 S. RIVER RD.,BATON ROUGE,EAST BATON ROUGE PARISH,22033,LA,70821,6,0,TRINITY MARINE BATON ROUGE,P.O. BOX 1869,BATON ROUGE,LA,,,70821,C,,,7324254,TRINITY INDS INC,302313,911254,30.386944,91.215,99999,UN,UN,U,U,0,0,LINDA SICKELS,2146314420,,,,,1.10001E+11,,,,,,,,
70874SCHYLWESTE,EXIDE TECHNOLOGIES - BATON ROUGE RECYCLING CENTER,2400 BROOKLAWN DR,BATON ROUGE,EAST BATON ROUGE PARISH,22033,LA,70807,6,1,EXIDE TECHNOLOGIES - BATON ROUGE RECYCLING CENTER,PO BOX 74040,BATON ROUGE,LA,,,708744040,C,,,38009866,EXIDE TECHNOLOGIES,303508,911140,30.5854,91.2438,80,I1,FC,1,E,1000,0,DAVID MCKERCHER,9727400059,DAVID.MCKERCHER@NA.EXIDE.COM,,EXIDE TECHNOLOGIES,,1.1E+11,,,,,,,,
70895HNTRZ2612T,ZEP MFG.CO.,2612 TEE DR.,BATON ROUGE,EAST BATON ROUGE PARISH,22033,LA,70895,6,0,ZEP MFG.CO.,2612 TEE DR.,BATON ROUGE,LA,,,70895,C,,,3267192,NATIONAL SERVICES INDS,302730,910400,30.458333,91.066667,150,UN,UN,1,U,1010,0,DUANE ELKEVIZTH,5042755850,,,,,1.1001E+11,,,,,,,,
7125WMYRNT525PR,MYRIANT CORP,525 PORT RD,LAKE PROVIDENCE,EAST CARROLL PARISH,22035,LA,71254,6,0,MYRIANT CORP,525 PORT RD,LAKE PROVIDENCE,LA,,,71254,C,,,831308577,MYRIANT CORP,,,,,,,,,,,0,MIKE LITTLE,3185044195,MLITTLE@MYRIANT-LP.COM,,MYRIANT CORP,,1.10054E+11,,,,,,,,
71276BRNSHPOBOX,BARNES HARDWOOD INC SONDHEIMER DIV,16998 HIGHWAY 65 S,SONDHEIMER,EAST CARROLL PARISH,22035,LA,71276,6,1,BARNES HARDWOOD INC SONDHEIMER DIV,700 MILL RD,HAMBURG,AR,,,71646,C,,,NA,NA,323301,911026,,,,,,,,,0,ROBERT B BARNES,8708538288,MIKEATBARNES@YAHOO.COM,,,,1.10016E+11,,,,,,,,
71282CMPLXPOBOX,COMPLEX CHEMICALS CO INC,MADISON PARISH IND US TRIAL PARK 177 COMPLEX CHEMI,TALLULAH,MADISON PARISH,22065,LA,71282,6,0,COMPLEX CHEMICALS CO INC,PO BOX 1352,TALLULAH,LA,,,71284,C,,,,NA,323127,910802,32.524167,91.133889,11000,UN,UN,1,U,1000,0,WILLIAM MCHAN,3185740382,DAVID.MCHAN@COMPLEXCHEMICAL.COM,,NA,,1.10011E+11,,,,,,NA,,
71282MCKNNHWY80,MCKINNEY OIL CO OF TALLULAH INC,102 HWY 80 E,TALLULAH,MADISON PARISH,22065,LA,71282,6,0,MCKINNEY OIL CO OF TALLULAH INC,PO BOX 1109,TALLULAH,LA,,,71282,C,,,NA,NA,322429,911029,,,,,,,,,0,MAURICE W MCKINNEY JR,3185744780,,,,,1.10001E+11,,,,,,,,
71371LCNDSJUCTI,BASF CORP - VIDALIA WORKS,109 HWY 131,VIDALIA,CONCORDIA PARISH,22029,LA,71373,6,0,BASF CORP - VIDALIA WORKS,109 HWY 131,VIDALIA,LA,,,71373,C,,,71014385,BASF CORP,0,0,31.6372,92.2483,11000,Z1,UN,1,U,0,0,ALYSSA BROWN,3183366328,ALYSSA.BROWN@BASF.COM,,BASF CORP,6328,1.10002E+11,,,,,,NA,,
